h;x;y;pressure;temperature;Q;An;Bi;CPx;Ol;Amf;OPx;Alb;Ort;Gr
2;295;50,4;0,0518;28,65;0,000865323;0,002732882;0,191680456;0,003346993;0,706669957;0,007422593;0,000152219;0,085434983;0,001602629;9,20E-05
4;295;50,4;0,1036;53,2;0,001471495;2,00E-05;0,909129736;0,008483529;0,069419328;3,40E-05;0,00047817;0,010954867;4,62E-06;4,24E-06
6;295;50,4;0,1555;93,1;0,627202405;0,002463836;0,020697113;0,336158635;4,25E-05;2,62E-05;0,000185484;0,001541542;0,01158592;9,64E-05
2;293,01;50,38;0,0518;28,65;0,143705599;0,000368736;0,352310255;0,02295746;0,02762965;2,03E-05;0,02443547;0,024663206;1,85E-06;0,403907517
4;293,01;50,38;0,1036;53,2;0,043568032;0,001376635;0,019491235;0,001120103;0,000341273;0,761552585;0,00053511;0,000129228;0,000777517;0,171108283
6;293,01;50,38;0,1555;93,1;0,037068101;9,22E-05;0,325248607;0,000189772;0,128791208;0,000684229;0,000113057;0,000918297;0,491825622;0,015068868
2;291,02;50,36;0,0518;28,65;0,178423293;0,084062097;0,092777098;0,031640217;0,179907507;0,00355621;0,01240446;0,048137015;0,001251428;0,367840676
4;291,02;50,36;0,1036;53,2;0,009809237;0,019225352;2,97E-07;0,001059414;0,003233157;7,98E-05;0,001300972;0,003553421;0,961707633;3,08E-05
6;291,02;50,36;0,1555;93,1;0,17819182;0,140837426;0,000841284;0,081167006;0,000763954;0,008884557;0,000997861;0,353324966;0,026184376;0,20880675
2;289,03;50,34;0,0518;28,65;0,231264451;0,40682681;0,0110309;0,024293133;0,021864231;0,005962671;0,244943047;1,60E-05;0,040204993;0,013593814
4;289,03;50,34;0,1036;53,2;0,134918639;0,013129527;0,000830938;0,376682187;0,37198741;0,064242683;0,003167268;0,002404042;3,23E-05;0,032604964
6;289,03;50,34;0,1555;93,1;0,055994125;0,006654322;0,000399006;0,676209723;0,009681234;0,109990715;0,002001195;0,001014016;0,093662281;0,044393382
2;287,04;50,32;0,0518;28,65;0,002669141;0,000123597;0,00021353;0,001921846;0,891718449;0,044165424;0,044865625;0,00026876;0,002189601;0,011864027
4;287,04;50,32;0,1036;53,2;0,619096028;0,039686686;0,000585047;0,100898297;0,230226023;9,40E-05;0,001281151;0,000121981;0,000587137;0,007423604
6;287,04;50,32;0,1555;93,1;1,28E-05;0,004340496;1,69E-05;0,000181831;4,43E-06;0,000117213;2,24E-05;0,003468114;0,475274095;0,516561769
2;285,05;50,3;0,0518;28,65;0,024151747;0,001019274;0,024085453;0,160477129;1,10E-05;0,78883245;2,90E-06;0,000634011;0,00072859;5,75E-05
4;285,05;50,3;0,1036;53,2;0,572136855;7,16E-07;0,001701202;4,64E-05;0,011438369;1,73E-06;0,410412711;0,004040563;0,000220379;1,07E-06
6;285,05;50,3;0,1555;93,1;2,81E-05;0,020146852;0,000356905;0,905913262;0,01912347;0,002011989;0,00043236;7,58E-05;0,046296429;0,005614797
2;283,06;50,28;0,0518;28,65;2,72E-05;0,001465782;0,00044324;0,73050708;0,035218614;3,46E-05;0,078896699;4,51E-05;0,150050986;0,003310717
4;283,06;50,28;0,1036;53,2;5,20E-05;0,4206348;0,000638022;0,097736979;3,11E-05;0,002037208;0,000363726;0,006742421;0,000211023;0,471552694
6;283,06;50,28;0,1555;93,1;0,000563688;0,000549894;0,004891288;0,002888503;0,024149471;0,000677525;0,020692969;0,06873319;0,14326238;0,733591091
2;281,07;50,26;0,0518;28,65;0,002695215;0,00463122;0,091554884;0,00016615;0,052153499;0,181263227;0,351585763;0,308568333;0,000288938;0,007092771
4;281,07;50,26;0,1036;53,2;2,69E-06;2,62E-05;0,000129115;0,010783135;0,988556333;0,000290476;4,55E-06;1,64E-05;9,79E-05;9,31E-05
6;281,07;50,26;0,1555;93,1;0,014601708;0,139321226;0,08459893;0,080861139;0,005764145;0,216082173;0,00547322;0,003827139;0,421926625;0,027543696
2;279,08;50,24;0,0518;28,65;0,192844629;0,009303085;0,005460997;0,000955798;0,054221415;0,116957756;0,121932622;0,032758706;0,012118313;0,45344668
4;279,08;50,24;0,1036;53,2;0,000300332;4,44E-06;0,005438739;0,729885341;0,140323065;0,123456684;0,000153942;0,000360974;4,88E-05;2,77E-05
6;279,08;50,24;0,1555;93,1;0,184946299;0,002210738;0,257912667;0,000747999;0,004503627;0,011626969;0,459078254;0,005983925;0,050750362;0,022239162
2;277,09;50,22;0,0518;28,65;0,106652618;0,19008215;0,356293574;0,240787118;0,007304711;0,034973634;0,004835506;0,000200933;0,041317756;0,017551999
4;277,09;50,22;0,1036;53,2;0,001704542;0,000380682;0,010241822;0,003561283;0,006423723;0,924641512;8,10E-05;0,005685529;0,000160358;0,047119503
6;277,09;50,22;0,1555;93,1;4,94E-05;7,81E-06;0,022711433;0,00066323;0,001671165;0,000909289;0,925455491;6,55E-05;0,011317481;0,037149273
2;275,1;50,2;0,0518;28,65;1,44E-05;3,54E-05;3,67E-05;2,40E-05;1,04E-06;0,001174676;0,537849497;0,273740077;0,187054061;7,01E-05
4;275,1;50,2;0,1036;53,2;1,55E-05;0,216913085;0,00170023;0,626929722;0,002284796;0,000777452;0,019381719;1,04E-07;0,030569994;0,101427389
6;275,1;50,2;0,1555;93,1;0,000124192;6,69E-05;0,008988765;0,001970696;0,581107332;0,217614542;0,184002319;4,18E-05;0,001760231;0,004323237
2;273,11;50,18;0,0518;28,65;0,001126742;0,00051611;0,919171542;0,000901814;0,001978379;0,000963157;0,012957149;0,000390297;0,054031685;0,007963126
4;273,11;50,18;0,1036;53,2;0,063321045;3,20E-05;1,75E-05;0,060380006;0,00024159;0,490255741;0,001898505;0,338455475;0,009754337;0,035643742
6;273,11;50,18;0,1555;93,1;1,22E-07;0,003623558;0,0001023;6,88E-07;3,41E-06;8,98E-05;3,70E-08;0,996157163;2,27E-05;2,47E-07
2;271,12;50,16;0,0518;28,65;0,000445068;3,99E-06;0,580815281;0,38141429;0,00221787;2,34E-05;0,000253817;3,35E-05;0,033709106;0,001083661
4;271,12;50,16;0,1036;53,2;0,181558673;0,004641636;5,49E-06;0,000397275;0,074387828;0,006106569;0,000265968;0,002529725;0,728576059;0,001530775
6;271,12;50,16;0,1555;93,1;0,009768761;0,011180794;0,015810865;0,930943875;0,002695091;0,013884395;0,012878211;0,000221665;0,000623511;0,001992832
2;269,13;50,14;0,0518;28,65;0,03301947;0,291822653;0,006916019;0,054030178;0,000129607;0,000935222;0,049910828;7,60E-06;0,081944713;0,481283715
4;269,13;50,14;0,1036;53,2;0,767651573;0,022185956;0,094312853;0,016992968;0,002134;0,000288382;0,084615126;0,00436675;0,000674872;0,006777521
6;269,13;50,14;0,1555;93,1;0,665663363;0,001532317;0,012482221;0,005191863;0,003664353;0,283005926;0,006401002;0,004736977;0,010362637;0,00695934
2;267,14;50,12;0,0518;28,65;6,83E-06;0,989779811;0,001158053;0,007049285;9,87E-05;1,69E-07;0,00094526;1,04E-06;1,27E-06;0,000959543
4;267,14;50,12;0,1036;53,2;0,285730976;0,00028862;0,003421691;0,387461259;0,058605821;7,82E-06;5,70E-07;0,234266431;2,37E-06;0,030214444
6;267,14;50,12;0,1555;93,1;0,072025254;0,008491957;0,00799034;0,003734906;0,150885316;0,057151971;0,060512297;0,423718837;0,178965303;0,036523819
2;265,15;50,1;0,0518;28,65;0,003950633;0,00021127;0,991573531;9,39E-05;1,59E-05;0,004064178;3,14E-05;7,65E-06;5,29E-06;4,63E-05
4;265,15;50,1;0,1036;53,2;0,996400922;7,33E-07;5,13E-08;5,21E-08;0,000111354;3,00E-05;0,002645162;4,44E-08;2,66E-06;0,00080898
6;265,15;50,1;0,1555;93,1;0,000109769;6,70E-06;0,730582837;8,54E-05;0,000585773;1,63E-05;0,059197567;4,04E-06;0,20851854;0,000893077
2;263,16;50,08;0,0518;28,65;0,002703102;0,000235453;0,005473265;0,066607835;0,038829838;0,644462891;0,184547446;9,97E-05;0,056962313;7,81E-05
4;263,16;50,08;0,1036;53,2;0,031501789;0,00371006;0,086304369;6,22E-05;7,79E-05;0,064940509;0,001990451;0,324327071;0,48690238;0,000183252
6;263,16;50,08;0,1555;93,1;0,000184411;0,010272372;0,000353303;0,000359642;0,000448313;0,000182133;0,081940545;0,04382333;0,85969201;0,002743941
2;261,17;50,06;0,0518;28,65;0,316663142;0,00032096;0,000726686;0,085991116;0,263153911;0,055283073;0,000200954;0,003778283;0,262605342;0,011276533
4;261,17;50,06;0,1036;53,2;0,015423761;0,039493621;0,161310793;7,94E-05;0,023965326;0,00033134;0,119428831;0,022013649;2,45E-05;0,617928736
6;261,17;50,06;0,1555;93,1;0,000199639;0,875634116;3,47E-07;2,67E-06;0,082750936;0,0015075;3,24E-05;0,039789102;4,05E-05;4,27E-05
2;259,18;50,04;0,0518;28,65;2,19E-06;0,775005192;0,002091868;0,025320616;0,033410367;3,38E-05;0,019184857;0,003982673;0,080920084;0,06004838
4;259,18;50,04;0,1036;53,2;0,001278108;0,021407322;4,43E-05;0,001802029;0,863868049;0,004053977;0,005286533;0,099853037;0,000157685;0,002248953
6;259,18;50,04;0,1555;93,1;0,417242191;1,04E-05;3,09E-05;6,61E-06;0,361857061;0,02738709;0,002850693;3,02E-06;0,19047346;0,000138631
2;257,19;50,02;0,0518;28,65;0,005247013;0,000332728;2,04E-05;0,107178989;0,000887867;0,000386633;0,264024715;0,6170327;0,002953448;0,001935462
4;257,19;50,02;0,1036;53,2;0,000227172;0,106323872;6,62E-05;0,007508373;0,015867903;0,076957973;0,17726375;0,440309116;0,175455355;2,03E-05
6;257,19;50,02;0,1555;93,1;0,967007261;2,72E-05;1,48E-05;0,001879675;0,021510339;0,009105594;5,98E-05;1,83E-05;2,44E-05;0,000352625
2;255,2;50;0,0518;28,65;0,003926929;0,026995352;0,000932833;0,523417162;0,00015589;0,006469539;0,002882596;0,003060947;0,001984239;0,430174513
4;255,2;50;0,1036;53,2;0,010633794;0,000129107;0,018550982;0,010849236;2,35E-05;0,956386097;0,0033972;3,15E-06;2,58E-05;1,17E-06
6;255,2;50;0,1555;93,1;2,40E-08;0,655510547;0,020961048;7,38E-06;0,017354956;0,198583379;4,16E-05;0,072324805;0,035151056;6,52E-05
8;255,2;50;0,2076;146;0,029370857;0,02121006;0,004184479;0,014274823;0,000148354;0,000583877;0,008919643;0,914644356;0,006202224;0,000461326
2;253,21;49,98;0,0518;28,65;0,000597169;0,001807362;0,000580089;2,38E-06;0,017168789;0,009941713;0,386512488;0,301049042;0,002422904;0,279918069
4;253,21;49,98;0,1036;53,2;0,005397087;0,000257782;0,000271107;0,006697421;0,001009445;0,383686096;0,000618991;0,004734984;0,597020077;0,000307009
6;253,21;49,98;0,1555;93,1;0,085073065;0,008608021;0,002380389;0,0075323;0,100465178;0,612415862;0,000903011;0,000717962;0,007303457;0,174600756
8;253,21;49,98;0,2076;146;0,001360616;0,087926853;0,008816961;0,003279668;0,149496164;0,439248014;0,294939052;0,011665008;0,002873062;0,000394601
2;251,22;49,96;0,0518;28,65;9,16E-06;0,032852081;5,27E-08;0,881380259;0,003322202;9,63E-08;0,070339358;0,007515233;7,12E-07;0,004580848
4;251,22;49,96;0,1036;53,2;0,012464047;0,285348048;0,067253324;0,260868967;0,000595263;0,000300427;0,022348941;0,049559138;0,300947071;0,000314774
6;251,22;49,96;0,1555;93,1;8,71E-06;0,00016191;0,002919738;0,000610016;5,33E-05;4,05E-06;7,01E-05;0,746891368;2,19E-06;0,249278632
8;251,22;49,96;0,2076;146;0,000946308;0,001476365;0,000656122;0,001902229;0,732587079;0,003236397;0,018769969;0,00515272;0,215028106;0,020244705
2;249,23;49,94;0,0518;28,65;0,012169406;0,039059635;0,000932147;0,001285692;0,522636139;0,001313915;0,077158915;0,000453075;0,307242015;0,037749059
4;249,23;49,94;0,1036;53,2;0,036472983;0,185781991;0,084752379;0,670318322;0,002287561;0,005705498;0,002681855;0,004063282;0,000157323;0,007778805
6;249,23;49,94;0,1555;93,1;0,009404658;0,012958809;0,005441344;0,351777408;0,179095801;0,008779662;0,080822642;0,120393137;0,10227174;0,129054798
8;249,23;49,94;0,2076;146;0,428913225;0,516658197;0,000117629;0,031731971;0,001805114;0,017685471;5,81E-05;0,002426522;0,000598063;5,66E-06
10;249,23;49,94;0,2599;200;0,349394211;0,003378505;0,003028605;0,088551489;2,36E-05;1,21E-05;0,246285835;0,292414347;0,015480183;0,001431099
2;247,24;49,92;0,0518;28,65;0,000262052;0,036773491;5,15E-05;0,327899015;0,001673232;0,000166176;0,330656121;0,006008986;1,23E-05;0,29649713
4;247,24;49,92;0,1036;53,2;0,000903455;0,000290455;2,14E-05;0,976982087;8,02E-06;0,013373768;1,10E-06;0,007636572;0,000748363;3,48E-05
6;247,24;49,92;0,1555;93,1;0,004751952;0,001767151;0,565297238;0,129427579;0,031406106;0,055648014;0,007612388;0,196073698;0,00772016;0,000295714
8;247,24;49,92;0,2076;146;0,000842638;0,001314346;0,002391878;0,265725942;0,000110754;0,023467048;0,000179519;0,008608329;0,634654651;0,062704895
10;247,24;49,92;0,2599;200;0,05823298;0,858841456;0,002871944;7,63E-06;0,013758687;0,000764324;0,006539476;0,000823012;0,034047069;0,02411342
2;245,25;49,9;0,0518;28,65;0,404656976;0,19748397;0,012631631;0,014100522;0,293906321;1,10E-05;0,000420009;4,20E-05;0,001324452;0,075423104
4;245,25;49,9;0,1036;53,2;1,84E-05;9,72E-06;1,37E-07;5,09E-06;0,015662362;0,005262417;0,000116483;3,15E-06;5,21E-05;0,978870173
6;245,25;49,9;0,1555;93,1;5,88E-05;0,949841083;5,59E-05;0,000251671;0,002139885;0,0001302;3,85E-05;0,046734609;0,000628991;0,000120334
8;245,25;49,9;0,2076;146;7,58E-06;0,020734598;0,000192834;2,18E-05;2,02E-05;0,001865544;0,934757102;0,042067405;0,000332774;1,54E-07
10;245,25;49,9;0,2599;200;0,052659114;0,064587509;0,000306604;0,259103961;0,000845349;0,024193968;0,003426836;0,571479156;0,022540382;0,000857121
2;243,26;49,88;0,0518;28,65;0,001442861;0,002316275;0,00639132;0,005096242;0,038328448;0,001702709;0,520057402;0,33523088;0,081013417;0,008420447
4;243,26;49,88;0,1036;53,2;0,003642702;0,006973206;0,008521072;0,000366635;0,204588682;0,002976509;0,130388841;0,001812899;0,006119406;0,634610047
6;243,26;49,88;0,1555;93,1;4,45E-05;0,000826565;0,198897561;0,001429556;0,00026827;0,78795523;0,000397805;0,00115584;0,001478593;0,007546123
8;243,26;49,88;0,2076;146;0,052491049;0,00118438;0,129370752;0,01694243;0,063811205;2,82E-05;0,000106536;0,003284172;0,732595228;0,000186024
10;243,26;49,88;0,2599;200;0,012482743;0,008712413;3,29E-05;0,008159442;3,60E-05;0,653250232;0,268449722;0,026586254;0,004056841;0,018233491
2;241,27;49,86;0,0518;28,65;0,000205298;0,154399113;0,016578722;0,000159298;0,000122331;0,001023563;0,661252448;0,163011706;0,000675895;0,002571626
4;241,27;49,86;0,1036;53,2;0,016591041;0,187267678;0,00050287;0,00013994;0,063712309;0,0042811;5,42E-05;0,26687475;0,155829025;0,304747091
6;241,27;49,86;0,1555;93,1;0,86817213;0,000304079;0,025141921;3,42E-05;0,008476803;0,095783294;0,001486049;1,78E-05;5,85E-05;0,000525226
8;241,27;49,86;0,2076;146;2,58E-05;0,002759221;0,199502772;0,09055012;0,000939107;0,001121126;5,64E-05;0,704957218;7,34E-05;1,48E-05
10;241,27;49,86;0,2599;200;8,29E-08;6,34E-05;2,02E-07;2,43E-07;0,996623103;0,000163651;5,06E-05;1,20E-05;0,003043873;4,29E-05
12;241,27;49,86;0,3124;245,04;0,000138589;0,015337867;0,021797395;0,108152563;0,019178142;0,025129563;0,379204861;0,266168481;0,121168516;0,043724025
2;239,28;49,84;0,0518;28,65;0,003351742;0,08843313;3,28E-05;0,178007427;0,667181783;0,026204887;0,022754178;0,009959873;0,000618939;0,003455293
4;239,28;49,84;0,1036;53,2;0,001624826;0,000171918;0,021329086;0,000214119;0,386767417;0,585572807;0,003163982;0,00114285;1,84E-06;1,12E-05
6;239,28;49,84;0,1555;93,1;0,000243827;0,026436305;0,006000392;7,69E-05;6,48E-05;0,535397136;0,154673151;0,092269194;0,176240794;0,008597468
8;239,28;49,84;0,2076;146;0,140717797;0,000848441;0,649936245;0,010843073;0,006302188;0,110224982;0,024928921;0,044496787;0,00461669;0,007084875
10;239,28;49,84;0,2599;200;0,082134261;0,105953662;0,014106175;0,145844921;0,010545061;0,001018499;0,365975541;0,075788854;0,193478913;0,005154114
12;239,28;49,84;0,3124;245,04;0,16786546;0,00748242;0,001572819;0,002560243;0,002587724;0,724481277;0,005965502;0,000153664;0,086824468;0,000506422
2;237,29;49,82;0,0518;28,65;0,034226873;0,023744877;0,003341774;0,010930862;0,456739482;0,419095688;0,036794256;0,001562997;0,012420339;0,001142853
4;237,29;49,82;0,1036;53,2;0,013662234;3,47E-07;0,716223945;1,20E-05;0,000349201;0,001388529;1,46E-06;0,086285277;0,18207348;3,51E-06
6;237,29;49,82;0,1555;93,1;0,329365661;4,13E-05;5,67E-06;0,652386577;2,22E-05;0,000723854;0,005587198;1,37E-05;1,10E-05;0,011842831
8;237,29;49,82;0,2076;146;0,03404198;0,046917659;0,512327097;0,222850131;0,175350565;8,95E-05;0,000154761;3,96E-05;0,003495859;0,004732825
10;237,29;49,82;0,2599;200;0,003813891;0,00048;0,00043576;5,67E-05;0,68603879;0,054286551;0,07694716;0,174799297;0,002814089;0,000327736
12;237,29;49,82;0,3124;245,04;0,040418832;0,488757548;9,71E-06;0,000188056;9,48E-07;0,002461609;0,438156328;1,56E-05;0,027258027;0,002733312
2;235,3;49,8;0,0518;28,65;0,002397574;0,001626079;0,081697335;0,002064545;0,000744815;0,318878593;0,051832654;0,215126713;0,297914395;0,027717297
4;235,3;49,8;0,1036;53,2;0,241671939;0,200199349;0,037326151;0,000850657;0,265381307;0,023183635;0,002379055;0,061252351;0,000480992;0,167274564
6;235,3;49,8;0,1555;93,1;0,077463174;0,035738898;0,09250174;0,018408116;0,003196527;0,125816955;0,136049506;0,072900199;0,002681806;0,435243078
8;235,3;49,8;0,2076;146;0,501502722;0,086899719;0,021412632;0,000513694;0,001859789;0,168529298;0,000852279;0,173341047;0,003000487;0,042088332
10;235,3;49,8;0,2599;200;0,001636422;0,064157463;0,027705044;0,005535056;0,120271768;0,113741857;0,010577797;0,147755452;0,279639495;0,228979647
12;235,3;49,8;0,3124;245,04;0,003186302;0,003370485;0,000112442;0,029696158;0,013394945;0,000464258;0,093119012;0,030590028;0,825741653;0,000324717
2;233,31;49,78;0,0518;28,65;0,000353334;0,001439112;2,27E-06;4,72E-06;0,000857161;0,977887177;0,013210919;0,006226519;4,52E-06;1,43E-05
4;233,31;49,78;0,1036;53,2;0,674254156;1,11E-05;0,000916395;0,065110581;0,244507643;0,011552453;0,000921024;0,000193383;0,00015738;0,002375915
6;233,31;49,78;0,1555;93,1;0,003707107;0,155387784;0,586555348;0,000799457;0,023192476;0,000201271;0,020269486;0,002211445;0,202397195;0,005278431
8;233,31;49,78;0,2076;146;0,003676576;9,32E-05;2,47E-05;0,025725628;0,005653554;0,953968306;6,45E-05;1,95E-05;9,70E-06;0,010764286
10;233,31;49,78;0,2599;200;0,0008899;0,007385464;0,003108203;0,040445875;0,007021994;3,77E-05;0,001228457;0,023777972;0,916078572;2,59E-05
12;233,31;49,78;0,3124;245,04;0,071273273;0,000211617;0,017685882;0,010744553;0,003615565;0,66557437;0,123530357;0,028893136;0,075744964;0,002726283
2;231,32;49,76;0,0518;28,65;0,060332136;3,52E-07;0,119250384;0,000155494;0,020276221;0,037464662;0,143821698;0,606767474;8,55E-07;0,011930723
4;231,32;49,76;0,1036;53,2;0,320984205;0,000355133;3,60E-05;0,403043825;0,013815426;4,39E-06;0,000191558;0,01062328;0,201441813;0,049504407
6;231,32;49,76;0,1555;93,1;0,272514328;0,056782193;0,000292726;0,556928141;0,02110563;0,005617857;0,064912089;0,005228981;0,016408991;0,000209063
8;231,32;49,76;0,2076;146;0,533836502;0,02623076;0,002932154;0,175367782;0,120083705;0,001406001;0,000184955;0,134472024;0,004023783;0,001462336
10;231,32;49,76;0,2599;200;0,000114219;0,208978321;0,458407144;0,30489738;0,000432977;1,87E-05;1,19E-05;0,000270845;0,000763909;0,02610453
12;231,32;49,76;0,3124;245,04;0,004919931;0,077791366;0,02787474;0,003135553;0,003969166;0,003269945;0,851579578;0,006739087;0,005051102;0,015669532
2;229,33;49,74;0,0518;28,65;0,790902816;0,000242222;9,55E-05;0,000144928;0,034022181;0,010499217;2,00E-05;0,000733298;0,006832495;0,15650732
4;229,33;49,74;0,1036;53,2;0,002350417;0,004000098;0,021456818;0,000917685;0,132182867;0,028032765;0,013853375;0,004225341;0,789807417;0,003173215
6;229,33;49,74;0,1555;93,1;0,109675111;0,02312208;0,001406573;0,045494522;0,028175607;0,13175024;0,344808698;0,000375196;0,013578241;0,301613733
8;229,33;49,74;0,2076;146;6,91E-05;2,88E-06;0,000141217;0,317862771;0,237931397;0,416392217;0,000590692;3,18E-07;0,025423897;0,0015855
10;229,33;49,74;0,2599;200;0,007449268;0,001388433;0,005128951;2,88E-05;0,204031717;0,002486469;0,088970076;0,013239681;0,000711014;0,676565572
12;229,33;49,74;0,3124;245,04;0,000190883;6,43E-05;3,88E-06;1,42E-05;0,019815637;0,927009673;0,046746;9,15E-06;0,000968183;0,00517807
2;227,34;49,72;0,0518;28,65;0,020601793;0,022689998;0,00172869;0,000277505;0,097611343;0,431532632;0,391533982;0,000328904;0,032962587;0,000732565
4;227,34;49,72;0,1036;53,2;0,008357468;0,491230569;0,44937909;4,20E-05;0,025800788;0,000111864;0,009479812;0,00242891;3,95E-05;0,013130063
6;227,34;49,72;0,1555;93,1;0,001965171;0,03505126;0,031428734;0,009916822;2,99E-05;0,038353349;0,003188602;0,003601344;0,012029831;0,86443501
8;227,34;49,72;0,2076;146;9,06E-06;0,000960162;0,001307636;0,025731143;0,524666935;0,37574533;0,071530362;1,19E-05;5,02E-06;3,25E-05
10;227,34;49,72;0,2599;200;0,001104102;7,15E-05;0,000896863;0,002429282;0,383893099;0,007251627;0,450137682;3,11E-06;0,153807979;0,000404726
12;227,34;49,72;0,3124;245,04;0,000277945;0,175557731;0,000195598;0,301926906;0,041396081;7,92E-05;0,000201845;0,000246678;0,455864368;0,024253665
2;225,35;49,7;0,0518;28,65;0,078450458;0,134370562;1,83E-05;0,00043872;0,004462338;0,002850417;0,00745491;6,66E-05;0,771877433;1,02E-05
4;225,35;49,7;0,1036;53,2;0,00497014;0,381873227;0,338887992;0,013227256;0,02433903;0,015783838;0,010603925;0,073429753;0,008861473;0,128023366
6;225,35;49,7;0,1555;93,1;0,000225885;0,057330725;0,002407039;0,253753267;0,002671633;0,034017994;0,000619849;2,97E-05;0,520792303;0,1281516
8;225,35;49,7;0,2076;146;0,381944709;0,393991598;0,008837405;0,00615926;0,015264832;0,013523902;0,09880256;0,02740614;0,033125526;0,020944069
10;225,35;49,7;0,2599;200;0,003038559;0,049826788;9,61E-05;0,354968953;0,01153563;0,431835087;0,002186548;0,048101404;0,098290971;0,000119983
12;225,35;49,7;0,3124;245,04;0,02347906;0,002894296;1,61E-05;0,090281237;0,555194189;0,080798713;0,036605697;0,006062644;0,204663274;4,78E-06
2;223,36;49,68;0,0518;28,65;0,057367424;0,60546548;0,054875051;0,009247679;0,002694;0,004465859;0,056220671;0,007260809;0,001048805;0,201354222
4;223,36;49,68;0,1036;53,2;0,000379343;0,015793045;9,30E-07;1,75E-06;0,208772529;0,762468541;0,012558814;4,54E-06;1,76E-05;2,87E-06
6;223,36;49,68;0,1555;93,1;9,76E-06;6,73E-09;1,89E-08;2,37E-06;3,81E-08;0,938694874;0,004618677;0,010939315;0,00120478;0,044530153
8;223,36;49,68;0,2076;146;0,005333645;0,055772485;0,11677248;0,037815108;0,085187593;0,002497172;0,496947494;0,004972734;0,187462755;0,007238534
10;223,36;49,68;0,2599;200;0,000495201;2,05E-05;3,55E-06;0,00084041;0,892419699;0,058020781;1,69E-06;3,32E-06;7,50E-06;0,048187344
12;223,36;49,68;0,3124;245,04;0,000346996;0,001012954;0,000254616;0,7829755;0,002779391;0,000181663;0,15110591;0,000175562;0,048099683;0,013067725
2;221,37;49,66;0,0518;28,65;0,000501511;0,420686243;0,000449823;0,110570958;0,40422647;0,000296845;0,001196627;0,037151767;2,05E-06;0,024917708
4;221,37;49,66;0,1036;53,2;0,654206146;0,011505915;0,039051978;0,000280465;0,141654862;0,139448866;0,00608701;0,003511158;0,004190173;6,34E-05
6;221,37;49,66;0,1555;93,1;3,57E-06;0,449465288;2,51E-05;9,59E-06;0,300867158;0,231267007;0,002096931;3,75E-05;0,001082791;0,015145089
8;221,37;49,66;0,2076;146;0,000132466;0,118319682;0,006536613;0,030242176;0,034161132;0,012146669;0,002390785;0,000730161;0,103582801;0,691757515
10;221,37;49,66;0,2599;200;0,001227608;7,20E-05;0,000292533;0,039871002;0,000657005;0,007883485;0,279831946;0,057747293;0,611484473;0,00093263
12;221,37;49,66;0,3124;245,04;0,018082547;0,08619074;0,134644097;0,00012779;0,001077124;0,003326868;0,387658337;0,279889301;0,001758448;0,087244748
2;219,38;49,64;0,0518;28,65;0,119537141;0,024036444;0,360251811;0,065863607;0,0050171;0,005858785;0,267373279;0,016477839;0,005586573;0,129997422
4;219,38;49,64;0,1036;53,2;0,047140242;0,002986721;0,060193441;0,000313528;0,002207273;0,000432574;0,886147432;8,63E-05;0,000126971;0,000365521
6;219,38;49,64;0,1555;93,1;0,006515951;0,134530758;0,102827148;4,94E-05;0,016605815;0,00017242;0,562073759;0,008271638;2,84E-06;0,168950271
8;219,38;49,64;0,2076;146;0,160022833;0,143668628;0,103618141;0,257160243;0,006528859;0,003979638;0,072974678;0,008463462;0,144921357;0,098662161
10;219,38;49,64;0,2599;200;0,058960125;8,35E-05;5,44E-05;0,349111987;0,476843838;3,19E-05;0,005425515;0,001534719;1,77E-05;0,107936408
12;219,38;49,64;0,3124;245,04;0,038417062;4,41E-06;0,083007505;0,495979121;0,016195853;0,227318268;0,126136779;0,012483634;0,000449667;7,71E-06
2;217,39;49,62;0,0518;28,65;0,004179112;0,000108041;0,000202295;0,001448939;0,000467726;0,005979244;0,903292117;0,000373633;0,083892319;5,66E-05
4;217,39;49,62;0,1036;53,2;8,29E-05;0,522785191;3,87E-05;0,00146984;0,029467878;0,009448719;0,146556676;0,289646998;3,02E-05;0,00047298
6;217,39;49,62;0,1555;93,1;0,000114058;0,370607309;0,001720302;9,03E-05;0,002941826;0,001046391;0,577732243;0,011655216;0,003118694;0,03097366
8;217,39;49,62;0,2076;146;0,015264678;0,148956044;0,000856242;0,635065636;0,000535271;0,009797121;0,017158624;0,089489846;0,000396878;0,082479661
10;217,39;49,62;0,2599;200;0,000217445;0,163063404;0,036749263;0,002452824;0,033158019;0,00326607;0,007217038;0,386813952;0,250147392;0,116914592
12;217,39;49,62;0,3124;245,04;0,196960948;0,00014;0,001734588;0,066231982;4,45E-05;0,000131304;0,003597793;0,020672703;0,710197256;0,000288915
2;215,4;49,6;0,0518;28,65;0,012144185;0,119601174;0,111360293;0,005082512;0,009522132;0,00924177;0,006982943;0,0105161;0,563203297;0,152345594
4;215,4;49,6;0,1036;53,2;0,489316857;0,09847051;7,83E-06;0,001412125;0,000498164;5,27E-05;1,05E-05;0,002707775;0,019253751;0,388269721
6;215,4;49,6;0,1555;93,1;0,020227941;0,000158721;0,120812547;7,53E-05;0,009344521;0,045545218;0,803661671;7,85E-05;6,77E-05;2,79E-05
8;215,4;49,6;0,2076;146;4,34E-05;0,161536481;0,562963203;0,157674322;0,000675107;0,078616955;0,000164072;0,000314947;0,008299015;0,0297125
10;215,4;49,6;0,2599;200;0,000760865;0,196463823;0,00172602;5,19E-05;0,000806526;0,346985992;0,039566969;5,46E-05;0,409585535;0,003997774
12;215,4;49,6;0,3124;245,04;0,032413937;3,01E-05;0,000201527;0,028675879;0,046700112;0,788643766;0,000719736;0,098794217;0,001195941;0,002624741
2;213,41;49,58;0,0518;28,65;9,56E-05;3,67E-06;0,240955072;4,58E-05;0,160459221;0,032997352;0,004506274;2,18E-05;0,054181466;0,506733855
4;213,41;49,58;0,1036;53,2;0,740993012;0,000126565;0,030699185;0,002404211;0,112053279;0,000776598;0,000288123;0,000355284;0,062081798;0,050221945
6;213,41;49,58;0,1555;93,1;0,123353962;7,46E-06;0,00019452;0,010171718;0,000458441;0,00369234;0,016491247;0,003407379;0,000654378;0,841568556
8;213,41;49,58;0,2076;146;0,325744863;0,003792633;0,085065999;0,438428094;0,028378591;0,002877999;0,000351611;0,000434978;0,108805174;0,006120058
10;213,41;49,58;0,2599;200;0,003006677;0,895578651;0,013779464;0,000282048;0,00093253;0,034568603;0,014361552;0,037356189;8,80E-05;4,63E-05
12;213,41;49,58;0,3124;245,04;0,077204009;0,00327681;0,013431931;0,008469243;0,164435366;0,164197922;0,001913518;0,020169078;0,542670179;0,004231943
2;211,42;49,56;0,0518;28,65;0,008788851;0,015924834;0,009200389;0,055688584;0,002368874;4,39E-05;0,224664645;0,005902541;0,013170701;0,664246727
4;211,42;49,56;0,1036;53,2;0,037762374;0,160694041;0,102178433;0,033033482;0,352326308;0,007959434;0,168816119;0,091910263;0,005962739;0,039356808
6;211,42;49,56;0,1555;93,1;0,005080737;0,171057557;0,387547382;0,253426354;0,103672386;0,017311898;0,053213896;0,006338384;3,21E-05;0,002319353
8;211,42;49,56;0,2076;146;0,118708315;0,029523432;0,023216225;0,019862824;0,436322071;0,03220413;0,14080664;0,023232746;0,01247548;0,163648135
10;211,42;49,56;0,2599;200;0,002524198;0,014296197;0,002536592;4,62E-05;0,007781716;0,965287521;0,006758555;9,25E-05;0,000307908;0,000368573
12;211,42;49,56;0,3124;245,04;0,567839331;0,024292003;0,01033614;0,003220361;0,233313228;0,001421327;0,125800519;0,002771549;0,011439886;0,019565655
2;209,43;49,54;0,0518;28,65;0,006850622;0,014348908;0,033701933;0,010854347;0,176289289;0,074679958;0,010385071;0,485919975;0,160232091;0,026737808
4;209,43;49,54;0,1036;53,2;0,000136835;0,538193948;8,95E-05;0,140087795;0,009717235;3,92E-05;0,242867271;0,067157649;0,000106974;0,001603594
6;209,43;49,54;0,1555;93,1;0,000175522;0,000339287;0,000102693;0,024007661;0,008156902;0,000708631;0,407705982;0,096804702;0,000478714;0,461519908
8;209,43;49,54;0,2076;146;0,002720016;0,000583843;4,72E-05;0,034501744;0,257801797;0,398707217;2,98E-05;0,305130876;4,89E-05;0,000428622
10;209,43;49,54;0,2599;200;0,000469803;0,340257596;0,000813673;7,20E-05;0,066904309;0,018940897;0,559516481;0,009336563;1,57E-05;0,003673053
12;209,43;49,54;0,3124;245,04;1,36E-05;2,56E-05;0,001010561;0,000988152;7,08E-05;0,960403743;0,035566485;0,001880112;1,77E-05;2,33E-05
2;207,44;49,52;0,0518;28,65;6,89E-05;1,85E-05;0,00016879;0,041428173;0,691461324;0,217607071;0,000531761;0,000673856;0,003371595;0,04467006
4;207,44;49,52;0,1036;53,2;0,134802809;8,24E-05;0,000561261;0,000105152;0,864006258;0,000324671;8,90E-08;3,22E-08;6,54E-07;0,000116687
6;207,44;49,52;0,1555;93,1;0,000770915;0,003271235;0,003691922;0,081936433;0,00965585;0,066448037;0,03497888;0,673718562;0,042326034;0,083202132
8;207,44;49,52;0,2076;146;0,186496795;3,81E-05;0,662562998;0,10946494;0,005962319;1,15E-07;9,01E-06;0,035274138;8,93E-06;0,000182684
10;207,44;49,52;0,2599;200;0,513279163;0,007299924;0,343327595;5,12E-05;0,030882377;0,092424848;5,91E-05;0,010642178;1,00E-06;0,002032606
12;207,44;49,52;0,3124;245,04;5,69E-05;0,173065305;0,79002353;0,000905458;0,006002923;0,01182313;0,009786108;0,007788279;9,37E-05;0,000454708
2;205,45;49,5;0,0518;28,65;0,00214476;0,013643228;0,010838157;0,027962518;0,008020509;0,002173048;0,304000598;0,001487806;0,005409349;0,624320026
4;205,45;49,5;0,1036;53,2;0,003351405;0,206641766;0,001701765;2,58E-05;0,001747928;0,100543266;5,65E-06;0,295909793;3,32E-05;0,390039405
6;205,45;49,5;0,1555;93,1;0,058009136;0,09433089;0,002859379;0,056168127;0,352274749;0,001897651;0,087153887;0,167938307;0,00431154;0,175056334
8;205,45;49,5;0,2076;146;0,000473624;0,002324384;0,462835602;0,145244269;0,37040568;0,013476973;0,000409328;2,73E-05;0,000502039;0,004300784
10;205,45;49,5;0,2599;200;0,012970465;0,011009093;0,003251846;0,000588307;0,013116522;0,001324188;0,005922486;0,000923831;0,93405628;0,016836981
12;205,45;49,5;0,3124;245,04;1,04E-05;8,33E-07;0,000294338;0,06379701;0,05473192;1,93E-06;0,881112252;2,08E-06;3,73E-07;4,89E-05
2;203,46;49,48;0,0518;28,65;0,189293468;0,000998805;0,007655222;0,00034109;0,015894561;0,000285507;0,696120225;0,072390103;0,012309139;0,004711881
4;203,46;49,48;0,1036;53,2;0,062079649;0,001130898;0,084099872;0,411454049;0,313312817;0,000588218;0,049785929;0,004431366;0,073085504;3,17E-05
6;203,46;49,48;0,1555;93,1;0,002109931;1,23E-05;0,247320213;0,003188759;0,048674957;0,028900407;0,000134871;0,002425076;0,000902997;0,666330474
8;203,46;49,48;0,2076;146;2,70E-05;0,721553615;0,169818867;0,004863368;0,001327431;0,100846758;9,46E-05;0,001014175;0,000330036;0,000124119
10;203,46;49,48;0,2599;200;0,602219989;1,51E-05;0,096912021;0,001329721;0,006673353;0,006420227;0,109679885;0,147614312;0,028833988;0,000301387
12;203,46;49,48;0,3124;245,04;0,241889482;0,011296124;0,0196778;0,014108239;0,334147855;0,262887007;0,007171175;0,014876761;0,057955645;0,035989911
2;201,47;49,46;0,0518;28,65;0,000849888;0,004645942;0,00074934;0,008278143;0,976786524;0,000744886;0,000844939;0,003570769;0,000144953;0,003384616
4;201,47;49,46;0,1036;53,2;0,034311602;0,00524363;0,000547952;0,000393692;0,003826612;0,005615648;0,52471591;0,362198992;0,060429745;0,002716217
6;201,47;49,46;0,1555;93,1;0,000788653;0,000165806;0,000196483;0,241453924;0,000547147;0,714552563;0,035505764;0,005099078;0,000285589;0,001404994
8;201,47;49,46;0,2076;146;2,83E-05;0,016564784;0,191533712;0,000185574;0,410428701;0,00052419;0,247511028;3,10E-05;0,132077036;0,001115709
10;201,47;49,46;0,2599;200;0,000373957;0,086723952;0,00314232;0,007179606;4,02E-05;0,641621773;0,001313047;0,004146841;0,084655574;0,170802706
12;201,47;49,46;0,3124;245,04;0,001318285;0,012034701;0,260211149;0,123879369;0,000249607;0,131169558;0,007759507;9,01E-05;0,462105454;0,001182243
2;199,48;49,44;0,0518;28,65;1,53E-05;0,222248187;0,40464317;7,44E-06;0,272560385;0,099170959;1,16E-06;0,001284968;6,70E-05;1,42E-06
4;199,48;49,44;0,1036;53,2;0,000171079;2,54E-05;0,810908154;0,155979164;9,12E-05;0,015153182;0,001511529;0,000280237;0,000581487;0,015298545
6;199,48;49,44;0,1555;93,1;0,156222263;0,000238117;0,000117767;0,039715073;0,55586404;0,013391987;0,000598332;0,094305902;0,130311069;0,009235452
8;199,48;49,44;0,2076;146;3,04E-05;0,003492146;0,04159612;0,005165563;0,000632714;0,000239557;0,003589569;0,000323524;0,012448907;0,932481517
10;199,48;49,44;0,2599;200;4,63E-05;0,257414981;0,005404523;0,002012458;0,075963951;0,245930254;0,011823944;0,396758493;0,004147531;0,000497604
12;199,48;49,44;0,3124;245,04;0,001859871;0,000747103;0,002074089;0,166013075;0,01559749;0,807160799;0,000364394;0,000109947;9,15E-05;0,005981764
2;197,49;49,42;0,0518;28,65;0,073987292;0,00128068;8,25E-07;0,009154886;0,682740505;0,230997829;0,000113722;7,54E-06;0,001325655;0,000391062
4;197,49;49,42;0,1036;53,2;0,024662789;0,454890748;0,000222312;5,06E-05;0,001190801;0,057354155;0,43465002;1,93E-06;0,000406199;0,026570399
6;197,49;49,42;0,1555;93,1;0,113863275;0,004883527;0,007838255;0,00012922;0,403318023;0,01091232;0,012296252;0,438816545;0,005373676;0,002568907
8;197,49;49,42;0,2076;146;0,00307069;0,000364851;0,616802888;0,070117843;0,000177654;0,102856807;0,194568863;6,81E-05;0,00843376;0,003538528
10;197,49;49,42;0,2599;200;0,000285342;0,000765743;0,007508977;0,836469381;0,000709494;0,000952773;0,000400281;0,000115084;0,02928818;0,123504745
12;197,49;49,42;0,3124;245,04;0,079410695;0,024828235;0,046323831;8,05E-05;0,176185821;0,438934623;0,186938716;0,046529992;0,000530011;0,000237552
2;195,5;49,4;0,0518;28,65;0,254885853;5,40E-05;0,717607508;8,89E-05;0,023462832;4,78E-05;0,000959406;1,24E-05;0,002474603;0,000406736
4;195,5;49,4;0,1036;53,2;0,062946075;0,13023502;0,001633223;0,074626581;0,014734478;0,601953915;0,067159642;0,000229865;0,006026716;0,040454484
6;195,5;49,4;0,1555;93,1;0,001274327;0,001552452;0,032375323;0,004824599;0,409608285;0,001286242;0,015708271;0,006962301;0,008512579;0,517895623
8;195,5;49,4;0,2076;146;0,419705766;1,59E-06;8,42E-05;7,62E-07;0,299170239;4,90E-06;0,280921509;7,94E-05;5,25E-07;3,10E-05
10;195,5;49,4;0,2599;200;0,000635555;0,019732966;0,002763406;0,01721465;0,301948385;0,000927323;0,000117797;0,003892955;0,639496975;0,013269988
12;195,5;49,4;0,3124;245,04;2,07E-05;0,007694902;0,002879588;0,851044274;0,000174976;0,000358213;0,067414771;0,033656947;4,34E-06;0,036751282
2;193,51;49,38;0,0518;28,65;0,000132363;0,007312067;0,001436192;0,424658959;0,005947454;0,000499345;0,020495393;0,538383652;0,000451222;0,000683352
4;193,51;49,38;0,1036;53,2;0,007879313;0,000399654;0,002978782;0,071415257;0,003440355;1,51E-05;0,873950944;0,000145993;0,000124816;0,039649767
6;193,51;49,38;0,1555;93,1;0,108669509;0,000124554;0,505944763;1,61E-05;0,001458573;0,050371709;0,001288021;0,281529734;0,000380986;0,050216014
8;193,51;49,38;0,2076;146;0,012353644;0,003368334;0,000267917;0,000254975;0,008586794;0,000231435;0,068361651;0,369498044;0,534534064;0,002543142
10;193,51;49,38;0,2599;200;0,847357243;0,0042632;1,16E-06;0,000369549;0,121488679;1,30E-07;4,35E-07;1,89E-05;0,026496032;4,69E-06
12;193,51;49,38;0,3124;245,04;0,490195073;0,000879387;0,00258471;0,007444864;0,000252162;0,000680043;0,000221355;0,452124414;0,045204702;0,00041329
2;191,52;49,36;0,0518;28,65;0,002525641;0,000909443;0,028963698;0,032864294;0,000267401;0,253051287;0,680068203;0,000259897;0,001069111;2,10E-05
4;191,52;49,36;0,1036;53,2;0,002595101;1,49E-05;0,864969155;0,001119825;0,001430361;0,003542511;0,006532525;0,045523468;0,073233846;0,001038351
6;191,52;49,36;0,1555;93,1;0,026592479;0,759752193;0,032950657;0,023501382;0,005089146;0,05735845;0,030066527;0,025348295;0,034636585;0,004704287
8;191,52;49,36;0,2076;146;0,020986262;0,299348851;0,301497285;0,259159975;0,000902884;0,089431348;0,021244853;0,001203318;0,003669289;0,002555936
10;191,52;49,36;0,2599;200;0,013892115;0,000329608;0,554529242;0,003675384;0,001016335;1,86E-06;0,426494745;6,47E-06;1,42E-05;4,00E-05
12;191,52;49,36;0,3124;245,04;0,068139084;0,876341536;0,000104367;0,004728311;0,008404401;0,002554272;0,039041977;0,000112041;0,000508177;6,58E-05
2;189,53;49,34;0,0518;28,65;9,39E-05;0,382262193;0,048592748;0,000434082;0,390581798;0,000412657;0,001715617;0,16323658;0,002766462;0,009903931
4;189,53;49,34;0,1036;53,2;0,08597185;0,151695508;0,009545262;9,68E-06;8,32E-06;0,009005869;4,54E-05;7,72E-05;1,06E-05;0,743630258
6;189,53;49,34;0,1555;93,1;4,90E-05;3,19E-06;1,69E-06;4,82E-05;1,16E-06;0,355629481;0,640508393;5,55E-05;0,003045732;0,000657688
8;189,53;49,34;0,2076;146;0,008352616;0,695890779;0,193346649;0,00265512;0,000243246;5,76E-06;0,098915036;0,000215237;6,93E-05;0,000306261
10;189,53;49,34;0,2599;200;0,157922235;7,60E-05;0,000171057;0,285139729;0,329841585;0,000421653;0,003915706;0,107173808;0,000703213;0,114634987
12;189,53;49,34;0,3124;245,04;0,008763445;0,130158422;0,059652987;0,000807176;0,115054623;0,486161414;0,001577379;0,181811037;0,013956628;0,002056889
2;187,54;49,32;0,0518;28,65;9,35E-05;0,040005137;0,888938024;0,003337467;0,000529431;0,001832025;0,000431029;7,34E-05;0,00231111;0,062448914
4;187,54;49,32;0,1036;53,2;0,165841279;0,000418213;0,025165172;0,022076848;0,00055966;0,021648104;0,001113674;0,744859376;0,016385599;0,001932076
6;187,54;49,32;0,1555;93,1;0,002554167;0,000967776;0,000692929;0,000380377;0,113958917;0,013429744;0,000236696;0,525125605;0,076727563;0,265926226
8;187,54;49,32;0,2076;146;0,006864358;0,00011084;1,95E-05;0,359402892;0,000141446;0,160829046;0,028458935;0,004417534;0,439054959;0,000700494
10;187,54;49,32;0,2599;200;8,95E-05;0,001051698;4,47E-07;0,040760398;0,024988956;4,83E-06;0,684271743;2,77E-07;0,248831597;5,31E-07
12;187,54;49,32;0,3124;245,04;0,219991229;0,072208959;0,048002233;0,022092575;0,234416123;0,000471992;0,002220348;0,397241991;0,002973124;0,000381425
2;185,55;49,3;0,0518;28,65;4,21E-05;0,172102229;1,03E-06;0,01802422;0,165308138;0,284252359;0,256273667;0,030985885;0,000232368;0,072778002
4;185,55;49,3;0,1036;53,2;0,001398221;0,00094004;0,004293848;0,016839316;0,202873598;0,000946992;0,002069807;0,036131655;0,718698878;0,015807645
6;185,55;49,3;0,1555;93,1;0,008256056;0,448415213;0,02300348;4,63E-05;0,040868051;0,423988999;6,67E-05;0,000519367;0,000397499;0,054438319
8;185,55;49,3;0,2076;146;0,210743856;0,002610249;0,017814508;1,46E-06;3,51E-05;0,016995897;0,001572305;1,03E-05;0,000623839;0,74959247
10;185,55;49,3;0,2599;200;0,323543199;0,328601652;0,02313522;0,033966642;0,008808749;0,011668642;0,102349364;0,029093807;0,00436884;0,134463883
12;185,55;49,3;0,3124;245,04;0,000330574;6,68E-05;0,000637391;0,00499583;0,065859918;0,373514558;0,543481554;0,005618347;2,78E-05;0,005467253
14;185,55;49,3;0,3654;281,764;0,596741112;0,005980457;0,00311825;0,12363867;0,112785139;0,000182809;0,001330252;0,155119248;0,000811742;0,000292321
16;185,55;49,3;0,4186;313,28;0,004455276;0,810550915;8,64E-06;6,52E-05;9,54E-06;0,10767365;0,002088189;0,070274517;0,004354968;0,000519134
2;183,56;49,28;0,0518;28,65;0,076155312;0,000347962;8,30E-05;0,000152612;0,015448324;0,54904603;0,010847593;0,000320561;0,346188827;0,00140976
4;183,56;49,28;0,1036;53,2;3,23E-05;0,023842146;3,69E-06;2,52E-06;0,060306318;1,14E-05;0,013162838;0,000747382;0,00012609;0,901765334
6;183,56;49,28;0,1555;93,1;0,005453937;0,0001073;0,333959655;0,600086427;5,52E-07;2,93E-05;2,08E-07;5,94E-05;0,060300989;2,28E-06
8;183,56;49,28;0,2076;146;0,0281137;0,019111732;0,005213323;0,008304498;0,034954132;0,753461024;0,003447736;0,142624135;0,004296967;0,000472753
10;183,56;49,28;0,2599;200;3,20E-06;2,07E-06;0,646038433;0,019480206;0,00014856;7,63E-05;0,00367122;1,75E-05;0,00035116;0,330211369
12;183,56;49,28;0,3124;245,04;4,74E-05;7,21E-07;1,55E-05;2,25E-07;0,333709622;0,013011427;0,005100531;0,648110186;2,37E-07;4,15E-06
14;183,56;49,28;0,3654;281,764;0,344507081;0,000915425;0,43379409;7,00E-05;1,26E-05;6,41E-05;0,216387835;5,91E-05;0,002611851;0,001577971
16;183,56;49,28;0,4186;313,28;3,40E-05;0,003585511;0,264721893;0,034896551;0,14753416;1,94E-05;0,001487601;0,000158501;0,547220894;0,000341534
2;181,57;49,26;0,0518;28,65;0,002102446;0,152644119;0,044344633;0,009272397;0,593282169;0,052404389;0,110810936;0,00046946;0,000195719;0,034473732
4;181,57;49,26;0,1036;53,2;0,903791731;0,000565697;0,001180412;0,000142979;0,017978396;0,000157074;0,002962603;0,069329345;0,000565306;0,003326455
6;181,57;49,26;0,1555;93,1;0,38157432;0,462189991;0,003468701;0,00429154;0,003818309;0,05154893;0,084948976;0,003073594;6,02E-07;0,005085037
8;181,57;49,26;0,2076;146;0,000453687;0,000232575;0,007816538;0,000281865;0,027285911;0,02946536;0,001131015;0,909985359;0,007509192;0,015838497
10;181,57;49,26;0,2599;200;0,000908175;0,020107627;0,002859859;0,011809597;0,02337478;0,005723487;0,015084245;0,000408088;0,002832082;0,916892059
12;181,57;49,26;0,3124;245,04;0,119602427;0,001605764;0,003116437;0,000511586;0,000226003;0,35281573;0,000713853;0,002120629;0,518653767;0,000633803
14;181,57;49,26;0,3654;281,764;0,000166244;1,95E-05;0,900304196;0,00024025;0,000223959;0,011683742;7,70E-05;0,000468031;0,07638431;0,010432687
16;181,57;49,26;0,4186;313,28;0,000159278;0,088327148;0,789865481;0,01351385;0,05224642;0,003101219;0,001215229;0,044553632;0,005625735;0,001392008
2;179,58;49,24;0,0518;28,65;0,00452942;0,000139445;0,007746452;0,000127912;0,899731289;0,004820778;0,044948702;0,000417644;0,032930868;0,00460749
4;179,58;49,24;0,1036;53,2;6,80E-06;0,259776466;0,056934864;0,145875122;0,001830242;3,11E-05;0,515950494;0,003023035;4,03E-05;0,016531534
6;179,58;49,24;0,1555;93,1;0,104604227;0,000334749;0,001807642;0,674883829;6,55E-05;2,87E-05;0,07206533;1,68E-05;1,79E-05;0,146175309
8;179,58;49,24;0,2076;146;0,402860529;0,004816971;0,21927377;0,004586371;0,109018929;0,021231426;4,56E-06;4,75E-08;7,88E-05;0,238128571
10;179,58;49,24;0,2599;200;0,025002362;0,005336129;0,000273117;0,000122484;0,001476016;0,366281884;0,000728635;3,48E-05;0,596435329;0,004309218
12;179,58;49,24;0,3124;245,04;5,23E-07;4,33E-06;9,04E-07;0,162492167;1,22E-05;0,000228258;0,813489913;0,000811731;0,022959841;9,04E-08
14;179,58;49,24;0,3654;281,764;1,19E-05;0,000819702;1,07E-07;0,007099158;1,78E-05;0,424821048;0,000177505;0,565438065;0,000398178;0,001216583
16;179,58;49,24;0,4186;313,28;0,002819837;0,0261088;0,014405001;0,62181917;8,29E-05;0,001442802;0,324096854;5,63E-06;1,23E-05;0,009206684
2;177,59;49,22;0,0518;28,65;0,603175782;0,038178892;0,060608409;0,032094833;0,140477168;0,002368391;0,010305336;0,050149244;0,002167235;0,060474711
4;177,59;49,22;0,1036;53,2;0,003749292;0,025606233;0,051720754;0,369076555;0,457206948;0,000271737;0,005211889;0,067169664;6,11E-05;0,019925845
6;177,59;49,22;0,1555;93,1;0,013818992;0,00012362;0,000474097;0,002133528;0,035907911;7,15E-05;0,942000448;0,000699866;0,004666028;0,000104
8;177,59;49,22;0,2076;146;0,021288049;0,036016028;0,045123281;0,055517359;0,108856941;0,040228059;0,017284103;0,000960062;0,076056056;0,59867006
10;177,59;49,22;0,2599;200;1,01E-05;2,45E-06;0,000726776;0,141705014;1,17E-05;4,02E-06;2,55E-06;2,21E-06;0,651443205;0,206091907
12;177,59;49,22;0,3124;245,04;0,035253677;0,001606316;2,06E-05;0,001667902;0,168109346;0,000123964;0,000543759;0,000203194;0,006449591;0,786021679
14;177,59;49,22;0,3654;281,764;0,000142342;0,241490541;0,135897918;0,00037557;0,0046303;0,145517079;0,000617605;0,005777331;0,005548286;0,460003028
16;177,59;49,22;0,4186;313,28;0,001761299;0,017466549;0,823363493;0,074588623;0,005255546;0,002101331;0,00156394;0,000209542;0,070696603;0,002993073
2;175,6;49,2;0,0518;28,65;0,69984673;0,000396423;0,001037298;2,99E-08;0,260157524;0,020218026;0,016702407;0,001635342;2,24E-06;3,99E-06
4;175,6;49,2;0,1036;53,2;0,248659057;0,001756358;0,126574146;0,004008365;0,002208137;0,300988353;0,006616931;0,298037898;0,00202209;0,009128666
6;175,6;49,2;0,1555;93,1;0,44001621;3,94E-08;6,06E-08;7,70E-06;9,98E-08;0,000340032;9,72E-06;0,000103548;1,07E-06;0,559521526
8;175,6;49,2;0,2076;146;0,568737008;0,001444498;0,001138613;6,58E-06;3,92E-05;6,85E-05;0,00175632;0,130681088;0,162655211;0,133472977
10;175,6;49,2;0,2599;200;0,001024445;0,002318791;0,012515331;0,000462789;0,001033693;0,057503632;0,000166767;0,09894125;0,029732259;0,796301041
12;175,6;49,2;0,3124;245,04;0,003370804;0,015875224;0,159847154;0,003025127;0,43437832;4,34E-05;0,260213373;0,107750522;0,005831037;0,009665044
14;175,6;49,2;0,3654;281,764;0,166790709;0,027968202;0,002045002;0,000623872;0,027666837;0,066382907;0,598048852;0,008178506;0,080260827;0,022034285
16;175,6;49,2;0,4186;313,28;0,323884447;0,000309292;5,50E-05;0,637208952;8,76E-05;0,029986569;4,08E-05;0,000523199;0,007598567;0,000305607
2;173,61;49,18;0,0518;28,65;0,000406851;0,002016894;0,002255752;0,010116236;0,941129323;0,000846446;0,009273603;0,019756107;0,005169187;0,009029601
4;173,61;49,18;0,1036;53,2;0,031088041;0,069770877;0,037370346;0,005101309;0,097332364;0,213151457;0,439721256;0,072496619;0,022508772;0,01145896
6;173,61;49,18;0,1555;93,1;5,56E-07;0,000181994;1,11E-05;3,67E-07;0,959298282;5,71E-06;2,11E-05;0,040425344;5,32E-05;2,44E-06
8;173,61;49,18;0,2076;146;0,363067629;9,31E-08;3,43E-08;1,02E-06;3,83E-06;3,99E-05;2,22E-06;3,23E-05;0,078471816;0,558381171
10;173,61;49,18;0,2599;200;0,000885597;0,00012817;0,005824801;0,001896039;0,003443132;0,012429583;3,75E-05;0,011046405;0,964081865;0,000226869
12;173,61;49,18;0,3124;245,04;0,763078557;0,000540624;0,028581145;0,038099984;0,141215231;0,023349248;0,001808104;0,000171847;0,002913115;0,000242146
14;173,61;49,18;0,3654;281,764;0,010869369;0,000117466;0,01974987;1,66E-06;0,967427159;9,93E-05;0,00012589;0,001556983;2,19E-05;3,04E-05
16;173,61;49,18;0,4186;313,28;0,953953169;9,58E-07;2,56E-07;3,04E-06;0,03470979;0,000206342;0,001089102;9,28E-06;1,44E-06;0,010026623
2;171,62;49,16;0,0518;28,65;0,014238377;2,26E-05;0,017419277;0,029737878;0,000261988;0,00030307;0,000346783;0,000212764;0,937278927;0,000178315
4;171,62;49,16;0,1036;53,2;0,021286894;0,602479483;0,000563029;2,30E-05;0,003878255;3,66E-05;0,000220678;0,092924552;0,000112236;0,278475222
6;171,62;49,16;0,1555;93,1;0,000638921;0,059014266;0,00106995;0,886190918;0,000335116;7,67E-05;0,051583587;0,000252607;5,57E-05;0,000782211
8;171,62;49,16;0,2076;146;0,032740993;0,211340003;0,003517311;0,592504095;0,003662354;0,00532504;0,000446429;0,000911583;0,149319635;0,000232557
10;171,62;49,16;0,2599;200;0,037446532;0,003935501;0,292097751;0,01778192;0,019448203;0,00079143;0,114949715;0,125830108;0,000277231;0,38744161
12;171,62;49,16;0,3124;245,04;0,000740099;0,002275575;0,963256242;0,000136941;0,001660929;0,005635476;5,18E-06;0,000445474;0,000262536;0,025581546
14;171,62;49,16;0,3654;281,764;0,003653721;0,304225604;0,003639871;5,69E-05;0,05634192;0,008795138;0,249558134;0,04982357;0,300761125;0,023144053
16;171,62;49,16;0,4186;313,28;0,006629299;0,001009669;0,357302193;0,005249407;0,009458874;0,022905117;0,002425734;0,352940441;0,00191106;0,240168206
2;169,63;49,14;0,0518;28,65;0,239344268;0,000977256;0,114269105;0,0016594;0,263406144;0,000324407;0,002379456;0,005488518;0,000378918;0,371772528
4;169,63;49,14;0,1036;53,2;0,020346348;0,000377699;0,073578098;0,05013438;0,000358801;0,002229617;0,000182774;0,847788351;1,50E-05;0,004988934
6;169,63;49,14;0,1555;93,1;0,362639775;5,58E-06;3,14E-05;0,294464495;0,185263885;0,000314847;0,064177941;3,71E-06;0,000821138;0,092277256
8;169,63;49,14;0,2076;146;2,29E-05;0,139972252;0,000226401;0,602004169;9,75E-06;0,000126882;7,65E-06;0,242554803;0,012361444;0,002713791
10;169,63;49,14;0,2599;200;0,01620902;0,041180431;0,113851516;0,051059783;0,001274714;0,174602093;0,011225296;0,00033009;0,004058017;0,58620904
12;169,63;49,14;0,3124;245,04;0,005713926;0,005522125;0,106563341;0,002634546;0,051949926;0,001919218;0,192396257;0,62210233;0,000415382;0,010782948
14;169,63;49,14;0,3654;281,764;0,01958337;0,227946328;0,027805796;0,016077087;0,007844053;0,356413114;0,054134155;0,175614703;0,105388829;0,009192565
16;169,63;49,14;0,4186;313,28;0,000687512;0,930196616;8,43E-05;0,007782135;0,001901156;0,024811864;0,000155551;0,008243782;1,41E-05;0,026122972
2;167,64;49,12;0,0518;28,65;0,009551417;0,117521922;0,023082805;0,000675781;0,101183678;0,726537601;0,002487537;0,00436614;0,013283211;0,00130991
4;167,64;49,12;0,1036;53,2;0,011339314;0,139653426;0,012247005;0,001980376;0,639219082;0,010484784;0,007844029;0,003134628;0,017183401;0,156913954
6;167,64;49,12;0,1555;93,1;0,035972392;0,017454056;0,001165106;0,008446418;0,003481695;0,001392295;0,304450375;0,396528149;0,223575853;0,007533662
8;167,64;49,12;0,2076;146;0,037283712;0,001072544;0,381272939;0,002368259;0,172084248;0,325216843;0,000479834;0,069095397;0,009192245;0,00193398
10;167,64;49,12;0,2599;200;0,161412558;0,011423411;6,59E-06;1,54E-05;0,056859192;0,158611379;0,000141243;1,26E-06;0,61150868;2,02E-05
12;167,64;49,12;0,3124;245,04;0,004536173;0,00549588;0,002231393;0,053105252;0,001423043;0,001186074;0,734057702;0,005819369;0,190472617;0,001672498
14;167,64;49,12;0,3654;281,764;0,815314523;0,025538668;0,001598442;0,124236269;0,019239469;0,003132891;0,001090047;0,000196417;0,003519779;0,006133494
16;167,64;49,12;0,4186;313,28;0,001818735;0,008683961;0,792634038;0,047977603;0,000136574;0,000140638;0,007208606;0,140944601;1,82E-06;0,000453424
2;165,65;49,1;0,0518;28,65;0,249350697;0,009939952;0,115958203;0,002967671;0,008263721;0,155110347;0,369429481;0,028360001;0,060203717;0,000416211
4;165,65;49,1;0,1036;53,2;0,290451361;0,034614144;0,041743692;0,199683812;0,374923992;0,000123271;0,000412382;0,050648971;0,000537577;0,006860798
6;165,65;49,1;0,1555;93,1;0,316215999;0,047598713;2,76E-05;0,173743138;0,003787234;0,003233969;1,23E-06;0,442569933;0,000104837;0,012717342
8;165,65;49,1;0,2076;146;0,000466194;0,000486493;0,010749961;0,000459717;0,275243507;0,474406559;0,001698593;0,032061509;0,203829873;0,000597593
10;165,65;49,1;0,2599;200;0,331131157;0,106693882;0,128648146;0,044221853;0,00024316;0,111698089;0,272937105;0,00407677;0,000259313;9,05E-05
12;165,65;49,1;0,3124;245,04;8,55E-05;0,079114535;0,000239214;0,007492113;1,21E-05;0,000256524;0,003566544;0,078478314;0,671743702;0,15901145
14;165,65;49,1;0,3654;281,764;0,846560117;6,64E-06;3,34E-06;5,19E-05;0,015378115;8,63E-05;0,110046165;0,027820794;9,13E-06;3,75E-05
16;165,65;49,1;0,4186;313,28;0,043403025;0,027857923;0,016308644;0,059233463;0,168890604;0,045789153;0,04924153;0,21413926;0,163341768;0,21179463
2;163,66;49,08;0,0518;28,65;0,005074538;8,06E-05;0,970536017;0,017227094;0,000123583;7,80E-06;1,46E-05;0,000126819;6,14E-05;0,006747466
4;163,66;49,08;0,1036;53,2;0,337949507;0,000571282;0,020221806;0,015225147;0,066022519;0,001078136;0,005589577;0,071972424;0,055839814;0,425529789
6;163,66;49,08;0,1555;93,1;5,24E-05;1,39E-05;0,000318789;0,025682144;0,062828589;7,91E-05;0,269559585;0,006083629;0,628622947;0,006758912
8;163,66;49,08;0,2076;146;0,051662064;0,326014515;0,22724365;0,034941623;0,009043663;0,013444767;0,012085309;0,216159273;0,096493444;0,012911692
10;163,66;49,08;0,2599;200;0,814469905;0,162301272;0,001102747;0,010622352;0,000594517;0,005703029;0,004994776;9,57E-05;0,000105644;1,00E-05
12;163,66;49,08;0,3124;245,04;0,000138456;0,018247074;0,748432815;0,026245556;0,00044017;0,00018368;0,000107034;0,000126586;0,000325339;0,205753292
14;163,66;49,08;0,3654;281,764;2,78E-06;0,004276204;9,71E-05;4,21E-06;5,33E-06;1,17E-05;0,180663661;0,001560732;0,00135726;0,81202096
16;163,66;49,08;0,4186;313,28;0,000141079;0,210868006;0,309863114;0,018171737;0,00030405;0,017132102;0,004747396;0,410821146;0,012801743;0,015149626
2;161,67;49,06;0,0518;28,65;1,25E-06;3,49E-06;0,017172136;0,968673787;0,009555014;0,003736742;0,000211961;1,91E-06;0,000490605;0,000153111
4;161,67;49,06;0,1036;53,2;0,047596822;0,07737736;0,00024795;0,688908811;0,000133662;1,91E-05;0,000116772;0,012633176;0,171060693;0,001905638
6;161,67;49,06;0,1555;93,1;0,389414074;0,004305007;9,36E-05;0,362255144;0,00211912;0,067874022;0,003027033;0,128745561;0,00024315;0,04192333
8;161,67;49,06;0,2076;146;0,000328222;0,510097501;0,002212336;2,77E-05;0,017497189;0,022423055;0,202812535;3,31E-05;0,000584504;0,243983837
10;161,67;49,06;0,2599;200;0,06036511;0,141076304;0,392703549;0,003066206;0,032724627;0,08871489;0,024199714;0,188728127;0,049925889;0,018495584
12;161,67;49,06;0,3124;245,04;0,000235551;0,986114841;0,003128085;4,82E-05;0,000610491;0,001097884;0,007540746;0,000292614;6,28E-05;0,000868752
14;161,67;49,06;0,3654;281,764;0,000118338;0,000225923;0,000317239;0,032530433;0,007571031;0,024264637;0,000382209;0,91251163;0,000913735;0,021164825
16;161,67;49,06;0,4186;313,28;0,962617407;0,001042478;0,002608684;0,002561695;0,000113696;6,41E-07;0,016898106;0,014096585;1,43E-07;6,06E-05
2;159,68;49,04;0,0518;28,65;0,006770404;0,028417351;0,00101201;2,60E-05;0,001224475;3,71E-05;0,951112199;0,002737144;0,006429859;0,00223345
4;159,68;49,04;0,1036;53,2;0,000125316;0,001890805;0,829896695;0,001657652;0,000165635;0,00983534;1,31E-05;0,103450931;0,051301231;0,001663295
6;159,68;49,04;0,1555;93,1;0,816922978;0,004313212;0,001666964;0,0739716;0,063514179;0,035011076;0,001102171;0,00051484;0,000361374;0,002621606
8;159,68;49,04;0,2076;146;0,002892503;0,006267699;0,033187776;0,405739615;4,82E-05;0,495248787;7,93E-07;0,033528906;0,004970636;0,018115074
10;159,68;49,04;0,2599;200;0,00790845;0,018880617;0,000259932;0,320031671;0,386431048;0,191970686;0,006784602;0,011001031;0,052204765;0,004527197
12;159,68;49,04;0,3124;245,04;0,070077523;0,008548503;0,521978108;0,001070696;0,003977241;0,302828875;0,002175996;0,000164154;0,084439123;0,004739781
14;159,68;49,04;0,3654;281,764;2,02E-05;0,13352428;0,091962677;4,50E-06;0,00064722;0,11503519;9,46E-06;2,52E-05;2,10E-05;0,658750198
16;159,68;49,04;0,4186;313,28;0,039515823;0,001573596;0,002810497;0,751399071;0,004337192;0,078545754;0,000314951;0,046724552;0,07464992;0,000128644
2;157,69;49,02;0,0518;28,65;0,001949168;6,40E-05;0,120993438;0,044409789;0,005665143;0,786500968;0,008302057;1,04E-05;0,032036837;6,82E-05
4;157,69;49,02;0,1036;53,2;0,001345161;0,001990727;0,224318639;0,286930511;0,267823966;0,021701971;0,110226087;0,037293412;0,030079755;0,01828977
6;157,69;49,02;0,1555;93,1;0,000397979;0,01610405;0,007997064;0,549014348;0,401828149;0,000231022;0,008624742;0,000594846;0,012943124;0,002264677
8;157,69;49,02;0,2076;146;7,12E-06;2,74E-05;0,264427557;1,74E-06;0,718111441;0,013167531;1,48E-06;0,000233284;0,004019124;3,31E-06
10;157,69;49,02;0,2599;200;0,00166234;0,001093581;0,039356646;0,218227571;0,001776247;0,001329527;0,224778213;0,399061663;0,011712427;0,101001784
12;157,69;49,02;0,3124;245,04;0,000540007;0,661245041;0,002224736;0,000182876;0,002654739;0,020576239;0,015007533;0,291850435;0,001380845;0,00433755
14;157,69;49,02;0,3654;281,764;0,804021097;5,93E-06;7,44E-07;2,30E-05;0,02715724;3,54E-07;3,04E-06;0,000197427;0,000428486;0,168162655
16;157,69;49,02;0,4186;313,28;1,62E-06;0,026698642;2,02E-06;0,218329478;0,000137707;1,18E-05;0,724656112;0,02998824;0,000173343;1,01E-06
2;155,7;49;0,0518;28,65;0,019418443;0,041903885;0,006230037;0,348792673;0,073739597;0,502665851;0,005486282;0,001418159;8,38E-05;0,000261314
4;155,7;49;0,1036;53,2;0,895720934;0,000208909;0,001616478;0,000543728;9,37E-05;0,000412172;0,060629161;0,00031579;0,005273609;0,035185518
6;155,7;49;0,1555;93,1;0,009944367;0,000771482;0,456043052;0,01003598;0,000476127;0,000552638;0,160342703;0,338797312;0,002085233;0,020951106
8;155,7;49;0,2076;146;3,29E-08;0,091321415;0,002336435;0,001052618;5,54E-07;2,84E-08;2,96E-06;0,902503974;0,002779109;2,87E-06
10;155,7;49;0,2599;200;1,16E-05;0,000193286;2,14E-05;0,093237906;3,10E-05;0,010327507;0,000135575;0,499337472;0,006382979;0,390321194
12;155,7;49;0,3124;245,04;0,138929148;0,378939667;0,002153148;0,004432863;0,000536263;0,022211818;0,00054242;0,024966882;0,426983511;0,000304279
14;155,7;49;0,3654;281,764;0,005536093;0,000156282;0,00023925;0,030778529;0,035936923;0,707047481;0,087543521;0,000702876;0,130663681;0,001395364
16;155,7;49;0,4186;313,28;0,118864264;0,003048763;0,17606622;0,643657944;0,023381825;0,012506876;0,01040955;0,000875828;0,001141456;0,010047274
2;153,71;48,98;0,0518;28,65;0,008714119;0,000161298;0,0125001;2,21E-05;0,000244613;0,000110971;0,008230452;0,969791125;1,07E-05;0,000214603
4;153,71;48,98;0,1036;53,2;0,200392902;0,13415895;0,1372828;0,027544927;0,015506162;0,020872759;0,063846614;0,009188764;0,015978638;0,375227485
6;153,71;48,98;0,1555;93,1;0,025593716;0,083374974;0,001660464;0,000490622;0,117494077;0,20167156;0,271748808;0,068649829;0,007769273;0,221546678
8;153,71;48,98;0,2076;146;1,93E-05;0,00014174;0,000326977;0,00878474;6,54E-07;0,832646045;0,005804106;0,151528631;0,000747803;2,22E-08
10;153,71;48,98;0,2599;200;1,83E-05;0,010201957;0,789170704;0,019461539;0,011167335;0,021888508;1,07E-05;8,60E-06;0,044848976;0,103223297
12;153,71;48,98;0,3124;245,04;0,00258402;0,000851081;0,467221669;0,000286902;0,000135562;0,005004325;0,015849246;0,134783682;0,373200049;8,35E-05
14;153,71;48,98;0,3654;281,764;0,000528465;0,002607767;0,000438586;4,95E-06;0,011282296;0,253574295;0,167512751;0,04366686;0,519974721;0,000409308
16;153,71;48,98;0,4186;313,28;0,015792414;0,000595475;0,008970361;0,589302422;7,20E-05;0,090183025;0,286226803;0,000308615;0,008313678;0,000235245
2;151,72;48,96;0,0518;28,65;0,000426349;0,002324249;0,000595197;0,000134799;0,105456453;0,003611709;8,81E-05;0,86733647;0,01674967;0,003276966
4;151,72;48,96;0,1036;53,2;0,264102634;0,000759331;0,386979175;0,01346562;0,036277071;0,004885471;0,005737373;0,085152129;0,134055438;0,068585757
6;151,72;48,96;0,1555;93,1;0,663785803;0,12346697;0,088503638;0,00126767;0,010586957;0,006947077;0,000430797;8,82E-05;0,000103619;0,104819258
8;151,72;48,96;0,2076;146;0,622919757;0,009834498;1,77E-05;0,011698287;0,333647794;0,000446015;7,88E-05;0,000490812;0,020640705;0,000225586
10;151,72;48,96;0,2599;200;0,001945104;0,1423403;0,017362373;0,218141223;0,000904198;0,039086365;0,04080382;0,532024593;0,006245338;0,001146686
12;151,72;48,96;0,3124;245,04;0,120322114;0,043535352;0,037754525;0,192642348;0,022883841;0,148561239;0,028799221;0,276807969;0,123076163;0,00561723
14;151,72;48,96;0,3654;281,764;0,001599511;3,82E-05;0,108719404;7,56E-06;0,001346357;0,587972903;0,000109015;1,56E-05;0,300058017;0,000133396
16;151,72;48,96;0,4186;313,28;0,005776104;0,013273867;4,75E-06;0,031386412;0,083318353;0,824893677;0,001357531;0,039983242;1,28E-06;4,79E-06
2;149,73;48,94;0,0518;28,65;0,110132885;0,001955779;0,003450045;0,10628905;0,007786089;0,004235742;0,000699441;0,761371874;0,002183953;0,001895139
4;149,73;48,94;0,1036;53,2;5,97E-05;0,045290984;9,09E-05;0,931300614;0,000439079;0,006220905;0,000135472;0,011044644;0,005057967;0,000359719
6;149,73;48,94;0,1555;93,1;0,001937893;0,070708454;0,045122043;0,002389305;0,005656157;0,002948882;0,687801648;0,005285222;0,003694703;0,174455693
8;149,73;48,94;0,2076;146;0,000894717;0,480148665;0,005128424;0,116563294;0,001106774;0,063333657;0,000104506;0,102391677;0,228136102;0,002192183
10;149,73;48,94;0,2599;200;9,01E-05;0,09858451;0,000546417;0,761970288;0,001356745;0,000352687;9,90E-06;0,000613401;0,136448315;2,76E-05
12;149,73;48,94;0,3124;245,04;0,091680933;0,000595975;0,00251299;1,08E-05;0,173796452;0,234669203;0,00393486;0,009407794;6,63E-05;0,483324722
14;149,73;48,94;0,3654;281,764;0,286113581;0,007596124;0,531834852;0,052222023;0,000714234;0,049984173;5,18E-05;0,000366285;0,070085186;0,001031722
16;149,73;48,94;0,4186;313,28;0,608247093;0,000269783;0,016977535;0,01444484;0,001089317;0,004592378;0,004512639;0,283550675;0,066047777;0,000267962
2;147,74;48,92;0,0518;28,65;7,07E-05;1,60E-06;0,005411248;0,032095887;0,191165559;0,015477667;0,751670475;1,13E-05;0,004089546;6,00E-06
4;147,74;48,92;0,1036;53,2;0,224381732;0,55102046;0,059800516;0,00042344;2,36E-05;0,002900962;0,009502601;0,148352612;9,04E-05;0,003503699
6;147,74;48,92;0,1555;93,1;0,15303298;0,002056932;0,006821569;0,163205714;0,171031041;0,043244292;0,028051392;0,379457184;0,035750019;0,017348877
8;147,74;48,92;0,2076;146;0,022870674;0,043281856;0,051088482;0,00830774;0,184991157;0,401958473;0,160308414;0,001911309;0,111232927;0,014048968
10;147,74;48,92;0,2599;200;6,06E-05;7,19E-05;0,060438971;0,339731564;0,019014493;0,000461209;0,000136413;0,068088946;0,511934311;6,16E-05
12;147,74;48,92;0,3124;245,04;0,001709091;0,026491919;0,159186524;0,001459908;5,00E-07;2,68E-05;0,07122466;0,000504827;0,705901211;0,033494528
14;147,74;48,92;0,3654;281,764;0,001866735;0,890349661;0,038325947;0,001192702;0,056247527;1,29E-05;0,00392677;0,000151948;0,002842523;0,005083292
16;147,74;48,92;0,4186;313,28;0,000138203;0,000232596;0,001424118;6,89E-05;0,057766924;0,079147229;0,000360176;0,005266646;0,549477518;0,306117665
2;145,75;48,9;0,0518;28,65;0,000496365;1,51E-05;0,001120828;0,000432626;0,908715111;0,025444116;0,037001986;0,000111491;0,025673086;0,0009893
4;145,75;48,9;0,1036;53,2;0,008477634;0,00017769;0,725726222;3,44E-05;7,12E-06;7,18E-05;0,265253294;0,000118346;0,000121606;1,19E-05
6;145,75;48,9;0,1555;93,1;0,000165561;0,563976773;0,003519822;0,108846562;0,000706274;0,00077618;0,202345028;0,110933937;0,007869227;0,000860635
8;145,75;48,9;0,2076;146;0,014449004;0,000462218;0,003967874;0,004349596;0,114253438;0,447723433;0,264308822;0,150101237;0,000175908;0,000208469
10;145,75;48,9;0,2599;200;0,000510144;0,003559232;0,047618414;0,001273167;0,000116793;0,008035846;0,025035383;0,762390748;0,013662992;0,13779728
12;145,75;48,9;0,3124;245,04;1,05E-05;0,021154223;4,46E-06;0,030244578;3,37E-06;3,30E-05;0,00071341;0,001016892;0,946819491;9,04E-09
14;145,75;48,9;0,3654;281,764;0,993920151;0,000951243;1,59E-05;5,00E-05;4,44E-08;0,004133213;3,01E-05;4,76E-06;0,000894239;3,83E-07
16;145,75;48,9;0,4186;313,28;0,087950505;0,054942624;0,052448624;0,012175036;0,003736334;0,145014386;0,179365383;0,002919621;0,010158839;0,451288647
2;143,76;48,88;0,0518;28,65;1,81E-05;8,13E-05;0,42033507;0,088552314;2,59E-05;2,29E-05;0,26490695;0,000125634;0,225146637;0,000785132
4;143,76;48,88;0,1036;53,2;0,000146229;2,84E-06;0,016617058;0,004376354;0,001329757;0,544581944;0,35355066;0,001316656;9,94E-05;0,077979121
6;143,76;48,88;0,1555;93,1;0,183890035;0,001407242;0,05104197;0,000539798;0,022268724;0,014796752;0,003206884;0,096664685;0,001614576;0,624569334
8;143,76;48,88;0,2076;146;0,023900739;0,010156725;0,025411374;0,042836158;0,061218092;0,016705602;0,031573765;0,013969988;0,053616454;0,720611103
10;143,76;48,88;0,2599;200;0,014705066;0,001129813;0,002498421;0,017498578;0,000237007;4,06E-05;0,001012168;0,08907779;0,873346129;0,000454435
12;143,76;48,88;0,3124;245,04;0,823630098;0,000501752;0,051767035;0,048978919;0,01155295;0,055667321;0,002593117;0,005051702;6,20E-05;0,000195124
14;143,76;48,88;0,3654;281,764;0,979174883;7,23E-05;1,60E-05;2,77E-07;5,30E-05;1,84E-06;0,000118211;0,018896474;2,37E-05;0,001643277
16;143,76;48,88;0,4186;313,28;0,884660562;7,98E-06;0,112575677;5,26E-06;4,73E-05;0,001787822;1,44E-05;0,000225491;0,000164532;0,000511008
2;141,77;48,86;0,0518;28,65;0,005757004;0,002880349;0,320821152;0,000171015;0,007418773;8,70E-05;0,146720393;4,81E-05;0,327115064;0,188981196
4;141,77;48,86;0,1036;53,2;0,068793047;0,257133809;0,306514431;0,043866014;0,057978303;6,37E-05;0,0005718;0,000279081;0,059816891;0,204982959
6;141,77;48,86;0,1555;93,1;0,0001713;0,136981726;0,039685575;0,4532147;0,223791388;0,005216723;0,011959707;0,006716388;0,032634025;0,08962847
8;141,77;48,86;0,2076;146;0,030999954;0,023352529;0,07582074;0,000954776;0,001604682;0,601679627;0,000199243;0,002290508;0,001369367;0,261728575
10;141,77;48,86;0,2599;200;0,000449968;0,022996178;0,001808594;0,00255296;0,000914411;0,000276614;0,922595586;0,047008168;0,000921859;0,000475663
12;141,77;48,86;0,3124;245,04;0,329456477;0,031157601;9,13E-05;0,008108394;6,06E-05;0,198197104;0,003485894;0,000468001;0,000185718;0,428788948
2;139,78;48,84;0,0518;28,65;0,05127416;0,001164786;0,235323475;0,009766734;0,043261904;0,000925055;0,066824989;0,001378818;0,583990989;0,006089091
4;139,78;48,84;0,1036;53,2;0,079802687;0,024142685;0,040169824;0,023150348;0,003282168;0,000900479;0,009595545;0,812613724;0,004178363;0,002164177
6;139,78;48,84;0,1555;93,1;0,00144167;0,003029519;0,003043331;0,000125572;0,052606338;0,007437147;0,211572062;0,114991542;0,137769144;0,467983675
8;139,78;48,84;0,2076;146;0,001353434;0,000109977;0,20724743;0,157699192;0,084854337;0,019124639;0,183195996;0,002784301;0,236682032;0,106948663
10;139,78;48,84;0,2599;200;0,021306463;0,137141624;0,02757454;0,001626648;0,037785524;0,685141363;0,000941309;0,009390211;0,001241284;0,077851034
12;139,78;48,84;0,3124;245,04;1,52E-08;0,117772508;0,007321732;6,53E-06;1,22E-06;0,66326544;2,36E-11;7,04E-05;0,211562115;2,39E-09
2;137,79;48,82;0,0518;28,65;6,76E-06;0,000704743;0,005788033;0,000153781;0,008102395;6,26E-06;0,938699035;5,24E-07;1,34E-05;0,046525059
4;137,79;48,82;0,1036;53,2;0,007541303;1,21E-05;0,072557393;0,288079124;0,00065365;0,377075682;2,97E-05;0,248812251;0,005118839;0,000119943
6;137,79;48,82;0,1555;93,1;0,198947943;0,112694216;0,015792997;0,436154664;0,001981764;0,008326185;0,18640564;0,039078854;0,000133288;0,000484448
8;137,79;48,82;0,2076;146;0,000246561;0,006857585;0,009397425;0,110217237;0,005922954;0,000330985;0,335628643;0,040766964;0,084060595;0,406571051
10;137,79;48,82;0,2599;200;0,356811121;0,010978494;0,003929072;0,023855898;0,035219521;0,092485078;0,014328898;0,418267657;0,034949059;0,009175202
12;137,79;48,82;0,3124;245,04;0,001950078;0,003511694;0,013633297;0,000342161;0,001767948;0,376287159;0,585245943;0,001206864;0,015887115;0,000167741
2;135,8;48,8;0,0518;28,65;0,137393279;0,000554249;3,21E-05;0,075051037;1,75E-06;0,001765694;9,74E-05;0,000449364;0,107217164;0,677437966
4;135,8;48,8;0,1036;53,2;0,181323267;0,001206558;0,337357437;0,02898154;0,006299192;0,072593277;0,008351416;0,277369988;0,044521798;0,041995528
6;135,8;48,8;0,1555;93,1;0,015369081;0,001410236;0,008950703;0,042732788;0,008482352;0,550621936;0,006407076;0,112424277;0,004636029;0,248965522
8;135,8;48,8;0,2076;146;0,003172238;0,008803683;0,022836371;0,008635311;0,083519114;0,337808247;0,013019627;0,049590662;0,006016668;0,466598079
10;135,8;48,8;0,2599;200;0,001327043;0,000923818;0,059296967;0,000725031;0,065662292;0,000612199;0,699393804;0,000187469;0,095741065;0,076130311
12;135,8;48,8;0,3124;245,04;0,004548351;0,454464178;0,000644348;0,268993859;0,004897814;0,103435151;0,00098204;0,160850592;0,001118333;6,53E-05
2;133,81;48,78;0,0518;28,65;0,040868988;0,029503448;0,286116493;2,51E-05;2,48E-05;0,136116189;0,491058104;0,000106676;2,75E-05;0,016152726
4;133,81;48,78;0,1036;53,2;0,2070119;0,001195131;0,053216304;0,000756614;0,489548407;0,164088493;0,000935193;0,074861398;0,006923823;0,001462738
6;133,81;48,78;0,1555;93,1;0,125404305;0,295389094;0,040499434;0,009393563;0,080037979;0,018910927;0,014387117;0,00205208;0,042962565;0,370962935
8;133,81;48,78;0,2076;146;0,000116715;0,000612969;0,043208653;0,109406235;0,019108234;2,89E-05;0,645553274;0,012614859;2,87E-05;0,169321475
10;133,81;48,78;0,2599;200;0,006780641;0,201916982;0,001127495;0,018840179;0,451413072;0,003709923;0,036031493;0,279001558;0,000977851;0,000200808
12;133,81;48,78;0,3124;245,04;0,006975179;0,02482271;0,002713763;0,000611496;0,066947798;0,471665984;0,0057065;0,235295332;0,005624906;0,179636331
2;131,82;48,76;0,0518;28,65;6,33E-05;0,001763759;4,09E-05;0,005282035;6,12E-06;0,983288716;2,44E-06;0,009501908;1,49E-05;3,60E-05
4;131,82;48,76;0,1036;53,2;0,678404552;0,036101795;0,069669386;0,131600316;0,017983366;0,028016394;0,019487622;0,001659537;0,008198092;0,00887894
6;131,82;48,76;0,1555;93,1;0,24469033;0,181333909;0,001573774;0,003964655;0,001665794;0,080422924;0,132526614;0,028309973;0,325501155;1,09E-05
8;131,82;48,76;0,2076;146;0,000678473;0,002104659;0,013229687;0,001293262;0,006517082;0,103047508;0,599039154;0,018549179;0,047990815;0,207550181
10;131,82;48,76;0,2599;200;3,26E-05;0,002423413;0,002950649;0,006700929;0,000113704;3,89E-05;0,00103166;0,029472452;0,955085821;0,00214985
12;131,82;48,76;0,3124;245,04;0,144766334;0,001724891;0,002397475;0,048979489;0,002632133;0,680484027;0,052228358;0,060395349;0,000932603;0,00545934
2;129,83;48,74;0,0518;28,65;0,679654433;4,03E-05;0,000119919;1,91E-05;4,93E-05;0,000134052;0,038563044;0,024488718;0,251511515;0,005419565
4;129,83;48,74;0,1036;53,2;0,514946492;0,032345602;0,015819262;0,045914445;0,000185782;0,104751422;0,254712055;4,27E-05;0,031246323;3,59E-05
6;129,83;48,74;0,1555;93,1;0,004372582;0,012711312;0,01063524;0,004187881;0,018053714;0,009935803;0,0101631;0,190843742;0,144316482;0,594780144
8;129,83;48,74;0,2076;146;6,65E-05;1,98E-08;7,13E-07;0,00023665;0,000556331;0,946233242;9,55E-05;0,000126357;9,42E-05;0,052590445
10;129,83;48,74;0,2599;200;0,08387989;0,693009827;0,000520741;0,002623285;0,000380498;0,002075354;0,099251612;0,018926734;0,004754029;0,094578029
12;129,83;48,74;0,3124;245,04;0,269489291;9,37E-05;0,000126765;0,558405289;0,006740532;0,00959505;0,144323724;0,009963581;0,000578431;0,0006836
2;127,84;48,72;0,0518;28,65;9,35E-05;0,000596178;0,170277087;0,000157033;9,37E-05;0,766355543;0,024647239;0,002293428;0,035377762;0,000108541
4;127,84;48,72;0,1036;53,2;0,122939359;0,017461917;0,246281878;0,520873012;0,000255876;1,77E-05;0,005761863;0,000118576;0,085434325;0,000855467
6;127,84;48,72;0,1555;93,1;0,003653496;0,000527282;0,131717919;0,000620371;0,017370588;0,720237735;0,115429482;3,37E-05;1,20E-05;0,010397386
8;127,84;48,72;0,2076;146;0,252904004;0,034075045;0,001314815;3,22E-05;0,34935071;0,349783134;0,011895748;0,000287174;0,000287577;6,96E-05
10;127,84;48,72;0,2599;200;0,192388507;0,023103261;0,002952368;0,011673371;0,677949807;0,015132656;0,012147363;0,040213545;0,0239;0,000539122
12;127,84;48,72;0,3124;245,04;0,000874513;0,000677152;0,008571211;0,005947103;0,960771751;0,000136415;0,003597805;0,001497534;0,017556714;0,000369802
2;125,85;48,7;0,0518;28,65;0,010328726;0,009463522;0,15079848;0,001048125;0,010401309;0,355806829;0,101552577;0,338020899;0,002633891;0,019945643
4;125,85;48,7;0,1036;53,2;0,009628903;0,058668931;0,036986672;0,034472152;0,018636902;0,590915874;0,047138186;0,019389048;0,000645683;0,183517649
6;125,85;48,7;0,1555;93,1;0,000124414;0,001438467;0,000326217;0,077633809;0,362104888;0,030938015;0,200473133;0,326035579;0,000418462;0,000507018
8;125,85;48,7;0,2076;146;0,369901793;6,00E-06;6,78E-05;4,45E-05;6,14E-07;0,002427903;5,06E-07;1,06E-05;0,627537927;2,34E-06
10;125,85;48,7;0,2599;200;0,563977005;0,002536728;1,83E-05;0,000672226;3,65E-06;5,44E-06;0,431467275;9,71E-07;5,89E-06;0,001312541
12;125,85;48,7;0,3124;245,04;0,002492674;1,07E-05;0,004099894;0,710764027;0,001205603;0,013016512;0,000230834;0,002488071;0,003531376;0,262160312
2;123,86;48,68;0,0518;28,65;0,043302297;0,000580931;0,000945266;0,79913784;0,073746175;0,000383964;0,069355697;0,005138474;0,000536016;0,00687334
4;123,86;48,68;0,1036;53,2;0,004814358;9,93E-05;0,139405552;0,073894491;0,459340913;0,000153384;0,000762983;0,000106061;0,000509308;0,320913673
6;123,86;48,68;0,1555;93,1;0,053380054;0,181050482;0,032760716;0,149313614;0,074268971;0,197392164;0,073106105;0,147893982;0,074966523;0,01586739
8;123,86;48,68;0,2076;146;0,006781918;0,054978578;0,003349155;0,015259503;0,347913414;0,126435195;0,016270469;0,011473583;0,002627116;0,41491107
10;123,86;48,68;0,2599;200;1,61E-05;0,093270917;7,47E-05;0,003141118;0,070581216;0,000241368;0,752011299;0,000143928;5,09E-05;0,080468485
12;123,86;48,68;0,3124;245,04;0,507883747;0,055367048;0,000270613;0,047273914;0,000786461;0,002338752;0,02323376;0,003252301;0,001711844;0,357881561
2;121,87;48,66;0,0518;28,65;0,008008944;0,000483543;0,000231454;7,19E-05;0,000393459;0,000155656;9,59E-05;0,133383974;0,857171386;3,77E-06
4;121,87;48,66;0,1036;53,2;0,002483746;0,679528141;0,009080692;0,000571264;0,002687928;0,00016425;0,302334535;6,16E-07;0,003147497;1,33E-06
6;121,87;48,66;0,1555;93,1;0,007195272;0,408828519;0,001545929;0,000109853;0,047558071;0,001092953;0,246290919;0,28732751;4,20E-05;8,98E-06
8;121,87;48,66;0,2076;146;0,806963184;0,001328319;0,000189872;0,102788683;0,061210118;0,027380278;9,05E-05;1,31E-05;1,19E-05;2,40E-05
10;121,87;48,66;0,2599;200;0,879496296;0,000346402;0,00123734;0,00219796;0,000212084;0,011799238;0,053687063;0,049100816;0,00187806;4,47E-05
12;121,87;48,66;0,3124;245,04;0,024796242;0,00199738;0,038566193;0,000886674;0,117053861;0,000273645;0,010195513;0,80558936;0,000267953;0,000373179
2;119,88;48,64;0,0518;28,65;0,103384809;0,000206202;0,563855448;0,00802176;0,00945353;0,001729208;0,028029206;0,00130991;0,000202606;0,283807323
4;119,88;48,64;0,1036;53,2;2,79E-05;1,23E-05;0,289672343;0,00875961;0,000339345;0,000648513;0,003098551;0,69732684;8,27E-05;3,19E-05
6;119,88;48,64;0,1555;93,1;0,00010773;0,03495089;0,000816951;0,015794145;0,000447043;0,128984945;1,96E-06;0,002118298;0,814741631;0,002036402
8;119,88;48,64;0,2076;146;0,556150624;0,000788221;0,000841779;0,007917682;0,002069063;0,003005133;0,000285878;0,397043635;0,000280197;0,031617789
10;119,88;48,64;0,2599;200;3,85E-05;0,110254977;0,009798134;0,000105953;0,338479928;1,01E-05;0,53911934;0,001608643;8,08E-05;0,000503727
12;119,88;48,64;0,3124;245,04;0,001209159;0,902446278;6,13E-05;0,039920666;0,034025026;0,002073185;0,002205682;0,001644383;0,009864311;0,006549986
2;117,89;48,62;0,0518;28,65;0,001439581;0,774197953;0,00107213;0,002428542;0,000599058;0,170236142;0,014925971;0,010034244;0,003083286;0,021983093
4;117,89;48,62;0,1036;53,2;0,025951793;0,000313676;0,035448234;0,934306432;0,000115327;0,001575185;0,00074215;0,000248773;1,45E-05;0,001283944
6;117,89;48,62;0,1555;93,1;6,28E-06;0,000280456;4,02E-05;9,73E-07;0,000201336;5,33E-06;2,03E-07;0,039752506;0,700787564;0,258925159
8;117,89;48,62;0,2076;146;0,027550297;0,219265426;0,060140905;0,002973709;0,61579209;0,000664147;0,06976464;0,000469233;0,000117379;0,003262175
10;117,89;48,62;0,2599;200;0,000667287;0,059248781;0,00030131;0,172797426;0,001397367;0,008671479;0,085592519;0,000515781;0,00087704;0,669931011
12;117,89;48,62;0,3124;245,04;0,009009964;0,017464534;0,053539086;0,000199197;0,674457538;8,28E-05;0,232997423;0,000201238;0,011608197;0,000440063
2;115,9;48,6;0,0518;28,65;0,000718286;0,000382972;0,002617338;6,76E-05;0,50157394;4,11E-05;0,00590816;0,125343893;0,363342047;4,67E-06
4;115,9;48,6;0,1036;53,2;0,805403701;0,00030297;0,002226061;0,002022087;0,176361408;0,000771305;0,000129717;0,000468275;0,002578254;0,009736222
6;115,9;48,6;0,1555;93,1;0,000517492;0,000395116;0,356181029;0,00043885;0,062333181;0,303738521;0,010822021;0,249484092;0,01126018;0,004829519
8;115,9;48,6;0,2076;146;0,006294288;8,38E-05;0,001618487;0,000100874;0,000276739;3,75E-05;4,63E-05;0,987054883;0,001837296;0,002649817
10;115,9;48,6;0,2599;200;3,40E-05;0,006832602;0,01098051;1,43E-06;0,335610964;0,000234904;5,39E-05;0,051460358;0,000721579;0,594069787
12;115,9;48,6;0,3124;245,04;0,010249309;1,54E-05;0,000204506;0,316218359;0,000346621;0,113927072;0,001806364;0,0511189;0,00032783;0,505785668
2;113,91;48,58;0,0518;28,65;0,056640819;0,001181895;0,10601323;0,023490424;0,000503368;0,000112209;0,189832723;0,040014054;0,562273653;0,019937626
4;113,91;48,58;0,1036;53,2;0,006238388;0,000893736;0,185190729;0,000884468;0,020626665;0,761792951;0,018043528;0,00052107;0,002518038;0,003290428
6;113,91;48,58;0,1555;93,1;0,529498434;0,001131659;9,86E-06;2,86E-05;2,48E-06;4,73E-05;0,010839283;0,458417259;8,89E-06;1,62E-05
8;113,91;48,58;0,2076;146;7,25E-05;3,46E-05;1,74E-05;6,01E-06;6,18E-05;3,04E-07;0,996062189;0,000567873;4,99E-05;0,003127377
10;113,91;48,58;0,2599;200;0,396968058;1,79E-05;0,005645848;0,255534895;1,98E-05;1,55E-05;6,18E-05;7,45E-05;0,31090008;0,03076176
12;113,91;48,58;0,3124;245,04;0,000201458;0,532571243;0,272888005;0,010434639;0,000929964;0,007740399;0,174914163;3,73E-05;1,80E-06;0,000281031
2;111,92;48,56;0,0518;28,65;0,046952061;0,004919593;0,008569949;0,010339617;0,423416849;0,001744906;0,059063545;0,002539315;0,004890841;0,437563324
4;111,92;48,56;0,1036;53,2;0,470305898;0,000642238;0,00451493;0,011241768;0,000195031;0,183958737;0,000261449;0,006346686;0,321701477;0,000831785
6;111,92;48,56;0,1555;93,1;0,089288787;0,0891476;0,693138526;5,87E-05;0,000626346;0,00054476;0,006326803;0,00039183;0,000992515;0,11948416
8;111,92;48,56;0,2076;146;6,87E-06;0,989706264;1,44E-05;4,18E-05;4,48E-05;8,00E-06;0,000763255;2,33E-05;0,00913563;0,00025562
10;111,92;48,56;0,2599;200;0,000169264;1,32E-05;0,000506264;0,000504277;0,000407862;0,070553116;0,025537331;0,005696214;0,026245703;0,870366784
12;111,92;48,56;0,3124;245,04;0,001330928;3,57E-07;7,48E-05;4,56E-07;3,44E-06;0,000560173;3,41E-06;0,687594227;1,24E-06;0,310430996
2;109,93;48,54;0,0518;28,65;0,474481293;0,000663416;0,060581744;0,000943551;0,00378019;0,000150861;0,109675463;0,01064893;0,338298584;0,000775969
4;109,93;48,54;0,1036;53,2;0,002591627;0,000145356;0,000140051;0,028065013;0,083209832;0,275191134;7,66E-05;0,433728466;0,003343982;0,173507916
6;109,93;48,54;0,1555;93,1;0,001709359;0,009583846;0,812063957;0,000788145;0,009831755;0,002358092;0,035715067;0,002689075;0,00148209;0,123778613
8;109,93;48,54;0,2076;146;0,001166408;0,082184865;0,288026184;0,001287257;0,37861772;0,001247055;0,002279913;0,004174071;2,05E-05;0,240996044
10;109,93;48,54;0,2599;200;0,002673197;0,002841103;0,018283864;0,024628038;0,719376575;0,057682797;0,148828367;0,012745365;0,006453769;0,006486926
12;109,93;48,54;0,3124;245,04;0,277670006;0,481950856;0,009477061;0,148628987;0,027329191;0,000579835;0,003291716;0,038843836;0,001901065;0,010327447
2;107,94;48,52;0,0518;28,65;0,004401915;1,82E-05;2,43E-05;0,003823552;0,015291243;0,971448558;0,002901499;0,000324737;1,72E-05;0,001748846
4;107,94;48,52;0,1036;53,2;0,068051552;0,049180311;0,372874229;0,15140057;0,166935373;0,078787842;0,002499742;0,001741539;0,104762049;0,003766792
6;107,94;48,52;0,1555;93,1;0,747670113;0,017550802;0,014845065;5,36E-06;0,128489161;0,000515737;3,27E-05;0,090804617;3,17E-05;5,48E-05
8;107,94;48,52;0,2076;146;0,000223794;0,010253195;0,04101441;0,000210633;0,294158351;0,00052173;0,545686073;0,107420344;0,00042833;8,31E-05
10;107,94;48,52;0,2599;200;0,00060543;0,003675541;0,005118571;0,322265927;0,085941956;0,459666217;0,119573892;0,002912012;7,46E-05;0,000165849
12;107,94;48,52;0,3124;245,04;0,16583271;3,17E-05;4,48E-05;0,808587238;3,72E-07;0,025422234;6,69E-05;1,54E-07;1,29E-05;1,03E-06
2;105,95;48,5;0,0518;28,65;1,97E-05;7,73E-05;0,015915605;3,43E-05;0,137585325;0,090817661;0,000265159;0,000342271;0,242145914;0,512796784
4;105,95;48,5;0,1036;53,2;0,005060787;0,181844449;0,016630692;0,21139316;0,501767106;0,000603018;0,073429516;0,004182644;0,000505325;0,004583304
6;105,95;48,5;0,1555;93,1;0,00087766;0,819156367;4,81E-05;0,010856502;0,007485906;8,11E-05;0,007531396;0,000311635;0,022632122;0,131019209
8;105,95;48,5;0,2076;146;0,001822203;0,000327265;0,468833254;0,000251454;0,041681332;0,001584094;0,001098754;0,012600766;0,459640239;0,012160641
10;105,95;48,5;0,2599;200;1,38E-08;0,001524461;0,002319128;6,54E-07;3,07E-08;0,996088046;7,78E-08;1,49E-06;8,79E-07;6,52E-05
12;105,95;48,5;0,3124;245,04;0,003561933;0,00015443;0,144578081;0,647402788;7,93E-05;0,065103931;0,109812142;0,023654718;0,005568172;8,45E-05
2;103,96;48,48;0,0518;28,65;0,021408768;0,002395762;0,001121265;0,764374315;1,23E-05;0,057298961;0,026566588;1,17E-05;0,125601128;0,001209177
4;103,96;48,48;0,1036;53,2;0,042190449;0,000546817;0,405005072;0,009957087;0,000285662;0,057177612;0,022398514;0,086688693;0,375644791;0,000105303
6;103,96;48,48;0,1555;93,1;0,000117873;4,87E-05;0,015616329;0,006175506;4,55E-05;7,54E-06;0,976503511;0,0014557;1,11E-05;1,83E-05
8;103,96;48,48;0,2076;146;0,198812471;0,005577154;0,002822585;0,305881242;5,22E-05;0,000480955;0,000198858;0,000125082;0,000101389;0,485948077
10;103,96;48,48;0,2599;200;0,00013877;0,798369668;0,001289494;2,04E-07;1,32E-05;0,063892229;0,074452813;0,044721449;0,004292189;0,012830014
12;103,96;48,48;0,3124;245,04;0,041682576;0,384581641;8,45E-05;0,218296578;0,110822068;6,34E-05;0,000317306;0,242933011;0,00067726;0,000541695
2;101,97;48,46;0,0518;28,65;0,000150979;0,018233593;0,000373568;0,008921904;7,83E-06;0,009089585;0,000736578;0,369576516;0,43822253;0,154686913
4;101,97;48,46;0,1036;53,2;0,047151126;0,268906417;0,009087568;0,001685572;0,009712198;0,024146072;0,05861091;0,55934413;0,010593653;0,010762354
2;99,98;48,44;0,0518;28,65;0,053760794;0,343627885;0,206406081;0,001194103;0,03747367;0,243079748;0,001731541;0,02257108;0,000209449;0,089945649
4;99,98;48,44;0,1036;53,2;0,002466275;0,029550038;0,580345653;0,000775451;0,001367127;0,030842496;0,001718078;0,003359123;0,315565689;0,03401007
6;99,98;48,44;0,1555;93,1;0,020418319;0,003227624;0,004560623;5,27E-05;9,54E-05;0,965597061;0,000488131;0,00017982;0,003254208;0,002126158
8;99,98;48,44;0,2076;146;0,06208561;0,597265181;0,059045148;0,003149315;0,037901438;0,00313205;0,084873619;0,144558314;0,001031437;0,006957887
10;99,98;48,44;0,2599;200;0,024207343;2,39E-05;4,43E-06;0,000141255;0,579808855;0,000223848;0,370049455;0,025414256;0,000115849;1,08E-05
12;99,98;48,44;0,3124;245,04;0,000893647;0,181079529;0,000825264;6,60E-07;1,68E-06;0,817087318;0,000111057;1,77E-07;6,00E-07;6,42E-08
14;99,98;48,44;0,3654;281,764;0,002492776;0,000542148;8,85E-06;0,045586496;9,60E-05;0,000844411;5,45E-05;0,000880334;0,9494275;6,70E-05
16;99,98;48,44;0,4186;313,28;0,061284038;5,45E-05;1,86E-06;2,54E-06;0,016119505;0,166825145;0,719874371;0,001066754;0,00591978;0,028851468
2;97,99;48,42;0,0518;28,65;0,063330574;0,155073547;2,04E-05;0,000666446;4,55E-06;0,005279434;0,007364421;0,18880103;0,579448154;1,14E-05
4;97,99;48,42;0,1036;53,2;0,000621276;0,979930784;2,32E-05;0,000396038;4,40E-05;1,29E-05;1,47E-05;4,30E-05;0,004350651;0,014563384
6;97,99;48,42;0,1555;93,1;4,30E-06;0,000178761;0,012992778;0,525475526;0,00033695;0,087657263;0,085045646;0,28494906;0,002616768;0,000742951
8;97,99;48,42;0,2076;146;0,148362113;0,624844205;0,000851973;0,002201548;3,46E-05;0,044506024;0,002786347;0,152164669;0,01070584;0,013542655
10;97,99;48,42;0,2599;200;0,007291514;0,012011997;5,42E-07;0,270875553;0,129835982;2,05E-06;1,10E-06;0,000484268;3,48E-08;0,579496959
12;97,99;48,42;0,3124;245,04;0,005681638;0,630040708;0,045000216;0,001666375;0,002060646;0,118345773;0,001314161;0,142575396;0,029160798;0,024154288
14;97,99;48,42;0,3654;281,764;1,82E-05;2,28E-07;0,016963415;0,000294123;0,000391389;0,408902727;0,002706153;0,000468011;0,57017673;7,90E-05
16;97,99;48,42;0,4186;313,28;0,007249518;0,00551468;0,003799139;0,800183809;0,000442026;0,002833929;0,023256209;0,002841642;0,04641161;0,107467438
2;96;48,4;0,0518;28,65;0,00519479;0,247031659;3,83E-05;6,14E-06;0,525032246;0,110019343;1,40E-05;0,000250868;0,006181524;0,106231126
4;96;48,4;0,1036;53,2;0,000358091;0,003194667;0,091665377;0,061283892;0,000995314;0,007062097;0,000506597;0,016795266;6,44E-05;0,818074325
6;96;48,4;0,1555;93,1;0,648039312;0,002847577;0,022855631;4,44E-05;0,012932282;0,052218628;0,000204407;0,10607104;9,12E-05;0,154695535
8;96;48,4;0,2076;146;0,002386531;0,000169647;0,000530645;0,00012836;0,942868887;0,000319056;0,035129882;0,002671362;0,001456435;0,014339194
10;96;48,4;0,2599;200;0,014264927;8,34E-05;0,000281467;0,006116585;0,324035814;0,265157542;0,000520797;0,147745832;0,236729648;0,005063993
12;96;48,4;0,3124;245,04;0,046415145;1,63E-05;0,854877749;9,72E-06;0,00235587;0,000690033;5,16E-05;0,000114964;0,001087085;0,094381577
14;96;48,4;0,3654;281,764;0,138238947;0,008197623;6,81E-05;0,160325311;0,593091351;0,002574298;0,000287258;0,051389854;0,034777411;0,011049879
16;96;48,4;0,4186;313,28;0,940238539;0,007802308;0,000132329;0,019797661;0,000391025;7,55E-05;0,020269167;0,000131884;0,010342182;0,00081944
2;94,01;48,38;0,0518;28,65;3,38E-07;0,016432526;9,77E-07;0,001964866;2,95E-06;0,280919384;4,06E-05;0,24741562;0,002454721;0,450767995
4;94,01;48,38;0,1036;53,2;0,543963647;0,04367912;0,003913753;0,001034467;0,011148328;0,288465955;0,002163918;0,001848046;0,102483866;0,0012989
6;94,01;48,38;0,1555;93,1;1,77E-05;0,000406362;0,004084211;0,004651422;0,000755721;0,981935971;0,005006409;0,00229992;0,000130367;0,00071189
8;94,01;48,38;0,2076;146;0,277958358;0,003350193;0,474572065;0,009418321;0,107218383;0,121999585;0,002503446;0,001172633;0,000411828;0,001395188
10;94,01;48,38;0,2599;200;0,0323884;0,00015857;0,468428655;0,19881103;0,027856727;0,00016104;0,000294569;0,190726979;1,22E-05;0,08116185
12;94,01;48,38;0,3124;245,04;0,000211792;0,381055339;7,16E-05;0,111500777;5,89E-05;0,258571249;0,037220995;0,015149194;0,196119659;4,05E-05
14;94,01;48,38;0,3654;281,764;0,00272029;0,044163745;0,000165055;0,067836855;0,000381258;8,83E-05;0,010531087;0,01596528;9,21E-05;0,858056017
16;94,01;48,38;0,4186;313,28;0,000257924;0,210493357;0,001630203;9,77E-06;0,747189595;0,012331062;4,91E-05;1,46E-05;0,027135134;0,000889318
2;92,02;48,36;0,0518;28,65;7,90E-06;6,80E-05;0,479407796;0,000136955;5,09E-05;0,000562499;0,080398159;0,226852447;0,2100116;0,002503745
4;92,02;48,36;0,1036;53,2;0,042820172;0,439833592;0,114399732;0,04996534;0,076521633;0,155682996;0,004313176;0,003266993;0,096665017;0,016531349
6;92,02;48,36;0,1555;93,1;0,023370866;0,865449945;0,013289677;0,0055624;0,019917064;7,66E-06;0,031875967;0,01566674;6,35E-05;0,024796158
2;90,03;48,34;0,0518;28,65;0,182822378;0,06260727;0,000995852;0,099397189;0,345124425;0,01988225;0,21808783;0,042181062;0,012196018;0,016705725
4;90,03;48,34;0,1036;53,2;0,343933233;7,28E-05;0,00011533;0,015703632;0,003201682;0,304645948;0,000201456;0,332085035;3,66E-05;4,27E-06
6;90,03;48,34;0,1555;93,1;0,001861891;0,0006955;0,86706453;0,000954739;0,001964144;0,000183985;0,000638136;0,002493485;0,114531118;0,009612472
8;90,03;48,34;0,2076;146;0,007840418;0,313513863;0,045532449;0,004687384;0,466362046;0,008040141;0,039311552;0,009132894;0,033485641;0,072093612
10;90,03;48,34;0,2599;200;0,944991948;5,32E-07;0,001135283;4,75E-05;0,030770068;0,000102979;6,07E-05;2,79E-06;0,003830696;0,019057485
12;90,03;48,34;0,3124;245,04;0,006245721;5,82E-05;0,086610928;0,738516016;7,96E-05;3,40E-05;0,154537749;0,009967071;0,002603203;0,001347411
14;90,03;48,34;0,3654;281,764;0,000119819;0,02264401;2,45E-06;4,43E-06;0,000595771;0,104318367;0,863935711;0,000300883;0,001438559;0,006640003
16;90,03;48,34;0,4186;313,28;0,211209732;5,94E-05;0,001508901;4,04E-05;0,000241646;0,007713348;0,186352795;0,007837392;0,536318892;0,048717556
2;88,04;48,32;0,0518;28,65;2,34E-06;2,44E-05;0,092201249;0,000705135;0,019669864;5,56E-06;0,327415343;0,00685383;0,353070947;0,200051327
4;88,04;48,32;0,1036;53,2;0,377018284;0,00012329;0,021546267;9,78E-05;0,44910631;0,000199089;9,38E-05;0,005218954;0,001209317;0,145386848
6;88,04;48,32;0,1555;93,1;0,001483506;0,480138399;0,366936507;2,92E-05;0,022270694;0,006586698;0,020845109;0,002177471;0,034281836;0,065250546
8;88,04;48,32;0,2076;146;0,040566758;0,358208455;0,112586679;0,004139335;0,478640438;4,43E-06;2,74E-06;1,40E-05;0,005700919;0,000136303
10;88,04;48,32;0,2599;200;0,000324699;0,004446942;0,000269627;0,676256705;0,000194392;0,009950037;1,04E-05;0,308411916;5,08E-05;8,45E-05
12;88,04;48,32;0,3124;245,04;0,015634868;0,014354047;0,277725669;0,192747636;0,005732201;0,048255872;0,000985664;2,93E-05;0,442919466;0,001615229
14;88,04;48,32;0,3654;281,764;0,028491856;0,01206195;0,00655865;3,31E-05;0,010120503;0,014583712;0,008998827;0,433334555;0,314435729;0,171381154
16;88,04;48,32;0,4186;313,28;6,19E-06;0,817808916;0,000247984;0,048475727;2,14E-05;0,000635809;0,001914306;0,086654768;3,50E-06;0,044231359
2;86,05;48,3;0,0518;28,65;0,001593876;0,077853992;0,118941545;0,005918681;0,161894921;0,348738065;0,243097737;0,001332678;0,040364086;0,000264421
4;86,05;48,3;0,1036;53,2;0,005244608;0,051035814;0,413243155;0,040840124;0,01487662;0,152968396;0,208904385;0,029073783;0,015683695;0,068129419
6;86,05;48,3;0,1555;93,1;0,005853465;0,092306887;0,001133761;0,000342804;0,001944981;0,177078586;0,427773786;0,000272567;0,223581342;0,06971182
2;84,06;48,28;0,0518;28,65;0,000487928;0,000231191;0,332049068;6,13E-05;0,001410939;0,073817418;0,477735486;0,002990721;0,007287612;0,103928336
4;84,06;48,28;0,1036;53,2;0,832551483;0,000476264;5,72E-05;9,11E-05;0,005363551;0,137289707;5,66E-05;8,67E-05;0,023772073;0,000255233
6;84,06;48,28;0,1555;93,1;0,002116422;0,140821839;0,163859293;0,004539991;0,152325878;0,017025246;0,381830379;0,00058403;0,136811481;8,54E-05
2;82,07;48,26;0,0518;28,65;0,000208477;0,003877559;3,23E-06;0,006771939;0,035078384;0,232945111;0,714103391;0,002994232;5,81E-05;0,00395961
4;82,07;48,26;0,1036;53,2;0,09206399;0,001337213;0,188388495;0,504272663;0,084276569;0,060735886;0,001322342;0,002233011;0,055335464;0,010034366
6;82,07;48,26;0,1555;93,1;0,013286633;0,000985304;7,83E-06;7,80E-06;0,16270414;1,51E-06;0,479139161;0,024075879;0,284989527;0,034802214
2;80,08;48,24;0,0518;28,65;0,139498961;0,003137263;0,016761632;0,00998448;0,045447758;0,227993692;0,439449322;0,003044082;0,102462075;0,012220736
4;80,08;48,24;0,1036;53,2;0,004796213;0,05242455;0,688987834;9,25E-07;0,000409522;0,216153966;5,18E-05;0,035992114;2,97E-07;0,001182777
6;80,08;48,24;0,1555;93,1;0,011202544;0,114702196;0,006769561;0,041151741;0,445951025;0,210571839;0,010360116;0,033377521;0,054841596;0,07107186
2;78,09;48,22;0,0518;28,65;0,08459714;0,003013304;0,006401093;0,049796736;0,165060169;0,041217683;0,156801797;0,369569089;0,001192544;0,122350445
4;78,09;48,22;0,1036;53,2;1,18E-05;0,866633941;1,77E-05;0,042853258;0,026338741;0,022073606;0,023456252;0,017211247;0,001288149;0,000115335
6;78,09;48,22;0,1555;93,1;0,080640381;7,24E-05;0,000417431;0,000184072;0,00629836;0,016723555;0,026915995;0,001826236;0,852818116;0,014103481
2;76,1;48,2;0,0518;28,65;0,020818368;0,010199927;0,000257767;0,001778995;1,19E-05;0,923597239;0,042290203;0,000337202;5,51E-05;0,000653287
4;76,1;48,2;0,1036;53,2;0,031246529;0,000808656;0,000504412;0,006234478;0,637094186;0,068118062;0,017601025;0,000833726;0,234581168;0,002977758
6;76,1;48,2;0,1555;93,1;2,78E-05;2,30E-05;0,000165858;0,001550388;0,002270622;0,299168299;0,069300563;0,001450664;0,221334943;0,404707784
2;74,11;48,18;0,0518;28,65;0,00155597;0,065284182;0,046302895;0,133616098;0,004458706;0,011401764;0,331743027;0,249094682;0,150829429;0,005713249
4;74,11;48,18;0,1036;53,2;9,44E-05;0,000624609;0,030271485;0,040865599;0,004681962;0,01969218;0,903268791;0,000211566;8,02E-05;0,000209159
6;74,11;48,18;0,1555;93,1;2,08E-05;0,00020514;0,451945196;7,05E-05;5,28E-06;4,12E-05;2,58E-05;0,003026947;0,543996757;0,000662335
2;72,12;48,16;0,0518;28,65;0,04916687;0,001561645;0,004204043;0,042381898;0,076444049;0,001142152;0,203976403;0,016867593;0,526620943;0,077634403
4;72,12;48,16;0,1036;53,2;0,007917832;0,001192471;0,701144382;0,000201493;0,006060875;6,97E-05;0,021723646;0,216648832;0,045038853;1,89E-06
6;72,12;48,16;0,1555;93,1;0,071813143;0,401836829;0,000301182;0,287817007;0,000186656;0,000296216;0,089096473;0,008843922;0,019937435;0,119871136
2;70,13;48,14;0,0518;28,65;3,43E-05;0,000214521;0,725927813;0,099853071;0,003312981;0,00022813;0,053261276;0,00090128;0,001133147;0,115133447
4;70,13;48,14;0,1036;53,2;0,001193027;0,125554686;0,096563589;0,03502545;2,09E-05;6,88E-05;0,739324269;0,000367349;9,06E-05;0,001791335
6;70,13;48,14;0,1555;93,1;0,071045884;6,72E-05;0,000107022;0,000205509;0,048676965;1,35E-05;0,000234978;0,397786873;2,13E-05;0,481840653
2;68,14;48,12;0,0518;28,65;0,001715604;3,21E-07;0,993776947;5,64E-05;0,00072667;1,10E-05;0,000554972;0,00315606;5,32E-07;1,45E-06
4;68,14;48,12;0,1036;53,2;0,021346931;0,007946115;0,741463109;1,05E-05;0,000287616;0,140821537;0,087102133;2,50E-05;0,00088764;0,000109393
6;68,14;48,12;0,1555;93,1;0,019950328;1,65E-05;0,000673299;3,34E-05;0,512046646;0,000237382;0,002445984;0,309901028;0,0367895;0,117905938
8;68,14;48,12;0,2076;146;0,211507581;0,294562794;0,00304184;0,011185298;0,265153883;0,000345876;0,203432594;0,002118862;0,003039901;0,005611371
2;66,15;48,1;0,0518;28,65;0,001547785;0,001513249;0,047439559;0,001649492;0,000380346;0,017648285;0,026689443;0,014036798;0,887989235;0,001105808
4;66,15;48,1;0,1036;53,2;0,000316894;1,31E-05;0,237851512;0,715027787;0,000267286;0,026131432;0,009860083;0,000165814;0,007840229;0,002525893
6;66,15;48,1;0,1555;93,1;8,71E-05;0,000390925;0,006266114;0,173280476;0,006760686;1,13E-06;0,662842485;0,12222101;0,000106745;0,028043323
8;66,15;48,1;0,2076;146;0,013511491;0,001949236;0,021171685;0,705438584;0,143264177;0,01682083;0,006308666;0,008478518;0,082758783;0,00029803
2;64,16;48,08;0,0518;28,65;0,027752057;0,183226829;0,000313063;1,33E-05;0,00320135;0,000815334;0,003930146;1,22E-05;0,020065765;0,760669971
4;64,16;48,08;0,1036;53,2;0,000168567;0,000147535;0,015201207;0,246000534;0,01986374;0,005791508;4,79E-05;5,55E-05;0,096137152;0,616586344
6;64,16;48,08;0,1555;93,1;0,020140714;1,02E-06;0,008052776;0,966387163;0,005174152;0,000238073;2,27E-07;5,99E-07;4,92E-06;3,56E-07
8;64,16;48,08;0,2076;146;0,385770923;0,051069968;7,18E-07;0,019584372;0,01862488;0,003567173;0,184205041;2,09E-07;1,71E-05;0,337159656
2;62,17;48,06;0,0518;28,65;0,166112548;0,000265369;9,38E-06;0,634408473;0,011837158;0,099517277;0,048344303;2,58E-05;0,003640349;0,03583934
4;62,17;48,06;0,1036;53,2;0,003601372;1,00E-04;0,010330639;0,007263076;2,45E-05;0,069477888;0,028967011;0,018669945;5,65E-05;0,861509067
6;62,17;48,06;0,1555;93,1;0,01818385;3,34E-09;2,63E-07;0,077247053;7,09E-10;1,56E-08;7,52E-08;0,042128202;0,862440528;8,79E-09
8;62,17;48,06;0,2076;146;0,640526443;0,053967629;3,22E-05;0,168362206;7,91E-06;4,00E-05;0,001734318;0,12082294;0,000156363;0,014349957
2;60,18;48,04;0,0518;28,65;0,340165595;6,49E-05;0,03445534;0,000135675;8,00E-05;0,091979871;0,137173664;0,30632542;0,089564242;5,53E-05
4;60,18;48,04;0,1036;53,2;0,000221707;0,003261142;0,000344368;0,793632178;0,000140397;0,035099605;0,030811494;0,046396623;0,083037955;0,007054532
6;60,18;48,04;0,1555;93,1;0,001499768;0,689970654;0,023312795;0,212844965;0,002884465;0,001091386;8,81E-05;0,066480243;0,001024403;0,00080318
8;60,18;48,04;0,2076;146;0,015262793;0,054627134;0,187667182;0,069551692;0,210682583;0,027363624;0,404413559;0,001885406;0,015311671;0,013234357
2;58,19;48,02;0,0518;28,65;0,322991314;0,438780356;0,016862132;0,034800203;0,12800306;0,028104031;0,008871401;0,004974281;0,00890081;0,007712413
4;58,19;48,02;0,1036;53,2;1,87E-07;2,99E-05;7,24E-05;1,28E-07;8,86E-05;0,000200517;9,27E-07;0,999504502;1,04E-05;9,24E-05
6;58,19;48,02;0,1555;93,1;0,227455486;0,006626416;0,695704821;0,035968381;0,000123319;0,000121745;5,03E-05;0,002920819;0,031011099;1,76E-05
8;58,19;48,02;0,2076;146;0,000893874;1,51E-05;3,74E-08;1,53E-06;2,47E-05;0,399623343;0,598752985;2,24E-07;0,000662347;2,58E-05
2;56,2;48;0,0518;28,65;0,049723548;0,223130443;0,308180981;0,187241994;0,000645386;0,003135514;0,220139845;0,006872134;0,000414174;0,000515981
4;56,2;48;0,1036;53,2;0,118736203;0,048771149;0,000195841;0,014076663;0,02126792;0,002899983;0,636291741;0,00364862;0,000437597;0,153674284
6;56,2;48;0,1555;93,1;5,64E-05;0,001192383;0,02097845;0,656811996;0,002644643;0,000232918;0,000137053;2,85E-05;0,210139092;0,107778622
8;56,2;48;0,2076;146;0,000318397;0,001583477;0,00112682;0,002125357;0,000196671;0,00577629;0,008506954;0,978893906;0,000950736;0,000521392
2;54,21;47,98;0,0518;28,65;0,005896306;0,29161686;0,000108022;0,011725686;0,001222379;0,668133473;0,00016397;0,000427464;0,014449844;0,006255997
4;54,21;47,98;0,1036;53,2;0,004811056;1,05E-05;0,000113943;0,931998231;0,042572905;0,000958046;3,31E-05;0,00225464;0,016767818;0,000479845
6;54,21;47,98;0,1555;93,1;0,000117758;0,000233046;0,001536279;0,001040318;4,89E-05;0,128983887;0,016331922;0,771862706;0,065280249;0,014564976
8;54,21;47,98;0,2076;146;1,80E-05;0,385150929;0,106183738;0,271489902;0,000260147;0,220528813;0,000329726;0,00033456;0,003534927;0,012169263
2;52,22;47,96;0,0518;28,65;0,666735345;0,035471878;0,006949998;0,101725819;0,000485604;0,156987262;0,003045101;0,003979009;0,001595204;0,02302478
4;52,22;47,96;0,1036;53,2;0,000367449;0,000833161;8,01E-05;0,811144124;0,166821431;2,31E-05;0,018174296;5,90E-06;0,002548593;1,83E-06
6;52,22;47,96;0,1555;93,1;2,60E-06;0,378985674;0,000992633;0,069566167;1,44E-05;0,548808687;9,23E-05;0,000664234;0,000867925;5,41E-06
8;52,22;47,96;0,2076;146;0,404607424;2,86E-06;0,051582313;0,543735262;3,70E-05;6,13E-06;3,16E-07;1,43E-06;2,15E-05;5,77E-06
2;50,23;47,94;0,0518;28,65;0,016902297;0,936118446;0,000178816;0,003698054;0,000529183;0,014953779;0,000859693;0,000686342;0,00278627;0,02328712
4;50,23;47,94;0,1036;53,2;0,010659932;0,015140679;0,027821292;0,768603739;0,068520954;9,02E-06;0,074030091;1,26E-05;0,035152306;4,94E-05
6;50,23;47,94;0,1555;93,1;0,003663968;0,001069641;0,552735116;0,000345084;0,07288109;0,024141243;0,108225445;0,233283762;0,002938185;0,000716465
8;50,23;47,94;0,2076;146;0,625339435;0,106853506;0,001314749;0,001938618;0,002424968;0,039743515;0,004977538;0,205526019;0,004662755;0,007218897
2;48,24;47,92;0,0518;28,65;9,47E-05;0,021108434;0,431485849;0,361392487;3,10E-05;4,51E-05;0,180992039;0,000624551;0,004212297;1,35E-05
4;48,24;47,92;0,1036;53,2;0,095348712;0,015171829;0,000122764;0,055618104;0,043214388;0,013965939;0,001964078;0,007598106;0,013816193;0,753179886
6;48,24;47,92;0,1555;93,1;0,003696865;0,000462069;0,004012671;0,033123018;0,008302689;0,111318951;0,297122877;0,005087808;0,164865816;0,372007237
8;48,24;47,92;0,2076;146;0,000100108;0,001618904;0,002479871;0,049159697;0,000896789;1,89E-05;0,907597152;3,00E-05;0,035580342;0,002518151
2;46,25;47,9;0,0518;28,65;0,143443585;0,225487892;0,01772519;0,122488223;0,041414602;0,061993746;0,013158286;0,373670914;0,000163635;0,000453928
4;46,25;47,9;0,1036;53,2;0,061161064;0,331979298;0,002051033;0,042421512;0,059897861;0,444371444;0,027691941;0,002242659;0,011290192;0,016892997
6;46,25;47,9;0,1555;93,1;0,003852379;0,00185303;0,000247256;4,40E-05;0,185765907;0,000909969;0,803128368;0,003746113;0,000321175;0,00013183
8;46,25;47,9;0,2076;146;0,000547686;0,011960205;0,122393582;0,003521734;0,000428461;0,001261855;0,85943533;0,000312095;6,69E-05;7,21E-05
2;44,26;47,88;0,0518;28,65;0,004991756;0,00144408;0,116235091;0,856911878;0,002947308;0,00063581;0,000960885;0,000508604;0,001906706;0,013457882
4;44,26;47,88;0,1036;53,2;0,044294021;0,001394348;0,049528546;0,009286496;0,274987279;0,000881508;0,033145714;0,425939857;0,07602066;0,08452157
6;44,26;47,88;0,1555;93,1;0,563779193;0,08868875;0,104318044;0,030164903;0,003543406;0,031061088;0,009597941;0,042375387;0,001868517;0,124602771
8;44,26;47,88;0,2076;146;0,326153759;0,001316047;0,01288976;0,252753443;0,00032376;0,000264253;0,013139897;0,000132698;0,001375201;0,391651183
2;42,27;47,86;0,0518;28,65;0,002554125;0,000830319;0,000686261;0,194841453;0,036173526;0,000454374;0,195961019;0,331978586;0,236237487;0,00028285
4;42,27;47,86;0,1036;53,2;0,002282065;0,503734247;0,109250124;0,097441086;0,148485091;0,005607198;0,121658767;0,011213357;0,000148434;0,000179632
6;42,27;47,86;0,1555;93,1;0,002018467;0,597420122;0,13462725;0,005233549;0,009423444;0,222191047;0,017237042;0,006220734;0,001691432;0,003936913
8;42,27;47,86;0,2076;146;0,162810725;0,185125769;0,000946153;0,001211624;0,029791391;0,21972487;0,070569654;0,227262;0,003273836;0,099283979