//;Mineral;limit;key;;;;;;;;;;;
0.000000;0.000000;0.000000;Pressure;;;;;;;;;;;
0.000000;0.000000;0.000000;Temperature;;;;;;;;;;;
h;x;y;p;t;Q;An;Bi;CPx;Ol;Amf;OPx;Alb;Ort;Gr
1;107;143;0,0259;19,83;5,06E-06;0,000648794;0,013508881;0,1595866;0,001140084;0,001771274;0,001097975;0,811922323;0,010303196;1,58E-05
2;107;143;0,0518;28,65;0,000639316;1,80E-06;0,617736909;0,025900429;0,003965505;0,182477124;0,078816423;0,000106456;0,090309627;4,64E-05
3;107;143;0,0777;39,44;0,000194914;0,00810725;0,219816336;0,000193185;0,588324055;0,042103337;0,019357676;0,09882189;0,022602399;0,000478957
4;107;143;0,1036;53,2;6,59E-05;0,428691337;0,535222286;0,011671852;0,000112741;0,008188044;0,004294548;0,002104518;0,004102942;0,005545803
5;107;143;0,1296;70,9;0,000346626;0,125861725;0,250891921;0,408758326;0,05381295;4,35E-05;0,00020663;2,44E-05;0,000231143;0,159822768
6;107;143;0,1555;93,1;0,000499999;0,088203748;0,001072664;0,002523884;0,095035269;0,043254591;0,026663417;0,002370056;0,740100796;0,000275577
7;107;143;0,1815;118,7;0,004346037;0,000703575;0,017481218;0,002038089;4,21E-05;0,877239033;0,095933272;0,000264294;0,001925952;2,65E-05
1;107,37;141,03;0,0259;19,83;0,001812604;0,060083794;0,090089062;0,001849667;0,72922288;0,010262434;0,001758567;0,062895767;8,70E-05;0,041938243
2;107,37;141,03;0,0518;28,65;0,000318816;0,015167322;0,718435861;0,206270166;0,003310134;9,69E-05;0,052037564;0,002066391;0,000523638;0,001773256
3;107,37;141,03;0,0777;39,44;0,000119732;8,41E-05;0,178014363;0,00013887;0,000878001;0,705285451;0,028330783;2,40E-05;0,087009775;0,000114889
4;107,37;141,03;0,1036;53,2;0,000482039;0,001318214;0,475629912;0,419990098;0,001792387;0,068143333;0,013040313;0,001751977;0,017294214;0,000557514
5;107,37;141,03;0,1296;70,9;0,0419375;0,00354156;0,019283738;0,005329913;0,006413728;0,226986078;0,229048569;0,30075615;0,006029828;0,160672937
6;107,37;141,03;0,1555;93,1;9,37E-06;0,004051152;0,007380641;0,275843402;0,006163303;0,000224762;0,687862828;0,001516982;0,016883712;6,38E-05
7;107,37;141,03;0,1815;118,7;0,026902327;0,00098519;0,025923682;0,071497351;0,000529595;0,419937795;0,008193728;0,000376625;0,381787755;0,063865953
1;107,73;139,07;0,0259;19,83;0,506558642;5,93E-05;3,50E-07;6,69E-07;0,139146734;5,70E-05;0,000604019;8,04E-05;0,353247607;0,000245228
2;107,73;139,07;0,0518;28,65;0,000752966;0,020360297;0,003633943;0,010940633;0,455694968;0,184335457;0,007771595;0,128675419;0,187361818;0,000472903
3;107,73;139,07;0,0777;39,44;0,000753505;0,00059712;0,297644208;0,011114372;0,002650727;0,270637973;0,41266385;0,000809501;0,001894468;0,001234276
5;107,73;139,07;0,1296;70,9;0,839176023;0,025222415;0,000415544;2,63E-05;0,004031422;0,014583573;8,60E-05;2,00E-05;0,00024774;0,116190945
6;107,73;139,07;0,1555;93,1;0,00012715;1,44E-05;0,020058661;0,061356232;0,00430726;0,056083253;0,324024432;0,524857436;2,29E-06;0,009168892
7;107,73;139,07;0,1815;118,7;0,777407182;0,002305186;3,61E-05;0,194149193;0,000272681;0,000501747;5,16E-05;0,024886438;0,000342127;4,77E-05
1;108,1;137,1;0,0259;19,83;7,53E-05;3,97E-06;0,01772541;0,930202887;8,92E-08;1,60E-05;3,10E-06;0,051903027;6,74E-05;2,83E-06
2;108,1;137,1;0,0518;28,65;0,000586082;0,003505002;0,129453994;2,85E-06;0,222699024;0,629313508;3,32E-06;2,35E-05;0,013159388;0,0012533
3;108,1;137,1;0,0777;39,44;8,53E-06;0,000138992;1,73E-05;6,86E-05;0,0138196;0,018917283;0,054904553;0,910417606;2,21E-05;0,001685405
5;108,1;137,1;0,1296;70,9;0,371601178;0,047393121;0,003376672;0,392469295;0,003009481;0,019989718;0,020943099;0,091469393;0,011976461;0,03777158
6;108,1;137,1;0,1555;93,1;0,051672488;0,542656275;0,020700236;0,08744436;0,001323263;0,026241284;0,066730893;0,128905327;0,004523529;0,069802345
7;108,1;137,1;0,1815;118,7;0,003607399;0,160744331;0,291270138;0,012253077;0,526123913;0,005937317;6,60E-07;5,11E-05;2,73E-06;9,33E-06
1;108,47;135,13;0,0259;19,83;0,000915773;0,000492415;9,32E-06;0,003126933;0,002731846;0,071834418;7,07E-05;0,056107184;0,855573685;0,009137703
2;108,47;135,13;0,0518;28,65;0,002284192;0,012763578;0,325095774;0,0008858;0,383789311;0,003161504;0,001368363;0,001534252;0,23790836;0,031208867
4;108,47;135,13;0,1036;53,2;0,000170685;9,63E-05;0,210270658;2,53E-05;0,013179098;1,56E-05;0,774733874;4,30E-05;0,000249331;0,001216176
5;108,47;135,13;0,1296;70,9;0,003143758;0,007800123;0,047419272;0,137384474;0,018233668;0,033761963;0,730489913;0,011756688;0,005836815;0,004173325
7;108,47;135,13;0,1815;118,7;8,92E-05;0,562280226;0,000104068;0,00024304;0,000426672;0,03772927;3,83E-05;0,01343918;0,38564957;4,01E-07
1;108,83;133,17;0,0259;19,83;0,004438409;0,249276493;0,111968962;0,023992873;0,005009185;0,262034235;0,058426437;0,136700104;0,116186746;0,031966557
2;108,83;133,17;0,0518;28,65;0,001453169;0,038676646;0,800302099;0,066422531;7,96E-06;0,032475445;0,039037255;0,000559044;5,13E-05;0,021014548
3;108,83;133,17;0,0777;39,44;0,023658214;0,004900946;0,030050839;0,010810681;0,000437649;2,95E-05;2,00E-05;0,918212066;0,010080146;0,001799906
4;108,83;133,17;0,1036;53,2;0,401472202;0,014583217;0,00013532;0,004702145;0,029950247;0,000965783;0,00336542;0,544049476;7,67E-05;0,000699533
5;108,83;133,17;0,1296;70,9;0,004503243;0,893751496;0,000806557;0,038378204;0,018252932;0,005243675;0,000924634;0,007635795;0,012152663;0,018350802
6;108,83;133,17;0,1555;93,1;0,001925813;0,003667294;0,038199988;0,00018299;0,941973356;0,000135985;0,0004899;0,000139469;0,009599417;0,003685788
7;108,83;133,17;0,1815;118,7;0,50843535;0,059524408;0,003573572;0,003098968;0,022942121;0,098104874;0,118334684;0,110682102;0,002529999;0,072773921
1;109,2;131,2;0,0259;19,83;5,27E-05;0,418664318;2,11E-05;5,39E-07;0,189249331;0,126081515;0,25961675;0,002711817;2,57E-05;0,003576255
2;109,2;131,2;0,0518;28,65;0,000945571;0,000756266;0,863691492;0,061022859;0,000522339;0,025690209;0,026817016;0,004408382;0,010058712;0,006087154
3;109,2;131,2;0,0777;39,44;0,007441028;0,002738723;0,001898043;0,010631767;0,018993144;0,893338448;0,004598338;8,89E-05;0,055810927;0,004460723
4;109,2;131,2;0,1036;53,2;0,003908789;0,051960067;0,000110445;0,146496383;0,29923512;0,494659611;0,000258182;0,001185251;0,000893241;0,001292913
5;109,2;131,2;0,1296;70,9;0,020100285;3,94E-05;0,000504181;0,853877049;0,000680018;4,01E-06;1,71E-06;0,062138349;0,062650512;4,51E-06
6;109,2;131,2;0,1555;93,1;0,083633015;0,022012848;0,130159994;0,569500001;0,003246138;0,019019711;0,092411121;0,017155926;0,000403124;0,062458122
7;109,2;131,2;0,1815;118,7;0,000400912;0,027166879;0,297213141;0,378631208;7,47E-05;6,35E-05;0,048501264;0,239627236;0,000203703;0,008117428
1;109,57;129,23;0,0259;19,83;0,068925815;0,304927823;0,03541272;0,038978694;0,001138337;0,015584707;0,00032246;0,510908832;0,000595359;0,023205251
3;109,57;129,23;0,0777;39,44;0,731168635;0,034636808;7,93E-05;7,41E-06;1,44E-05;0,031243862;0,000164968;0,202683324;3,75E-07;9,11E-07
4;109,57;129,23;0,1036;53,2;0,002050028;0,102282264;0,003632961;0,017670901;0,811616015;0,036587015;0,00062676;0,013410361;0,009803545;0,00232015
7;109,57;129,23;0,1815;118,7;0,098971074;0,002616365;6,43E-06;0,000886045;0,00270511;0,875616082;0,008815079;0,008236039;0,002141835;5,94E-06
1;109,93;127,27;0,0259;19,83;0,274304789;0,144180501;0,000114305;4,76E-05;0,000144418;0,293209732;9,17E-05;0,051913284;0,231759714;0,004233906
2;109,93;127,27;0,0518;28,65;0,725401106;0,003540775;0,154156833;0,020042876;0,002212863;0,090656792;0,002784836;0,000192324;0,000506782;0,000504811
3;109,93;127,27;0,0777;39,44;0,187868921;0,000648557;0,040127767;0,002575342;0,145814839;0,178588769;0,190147524;0,018699608;0,081450378;0,154078294
4;109,93;127,27;0,1036;53,2;7,20E-05;9,05E-05;0,003958554;0,422845725;0,001139273;0,01745077;0,052297721;0,177346274;0,318443726;0,006355494
5;109,93;127,27;0,1296;70,9;0,038867084;0,002327697;0,019006715;0,102595455;0,00122193;0,000486421;0,172789247;0,65354741;0,002383995;0,006774047
6;109,93;127,27;0,1555;93,1;0,000673114;0,004261144;0,001717268;0,839795543;7,10E-05;0,0122578;0,129395604;0,006296592;0,002048069;0,003483819
7;109,93;127,27;0,1815;118,7;5,90E-05;0,000725603;0,001356219;0,028321986;0,005231243;6,45E-05;0,947234236;0,000197351;0,00179383;0,015016021
1;110,3;125,3;0,0259;19,83;0,00344235;7,87E-06;2,79E-05;0,000457227;0,018696001;0,001065428;2,82E-05;0,95752011;0,006168866;0,012586115
2;110,3;125,3;0,0518;28,65;0,003750513;3,30E-05;0,418502787;2,34E-05;0,403476124;0,000447373;0,000250917;0,000832073;0,051553707;0,12113013
3;110,3;125,3;0,0777;39,44;2,35E-05;5,28E-06;8,53E-07;0,04532093;0,040453467;0,634540457;0,224203308;0,036389179;1,67E-05;0,019046379
4;110,3;125,3;0,1036;53,2;0,013401174;0,00089614;0,011289223;1,23E-05;0,964130441;0,000217548;4,11E-05;4,29E-05;0,001786199;0,00818299
5;110,3;125,3;0,1296;70,9;0,035714515;0,000593927;0,001627325;0,037533005;0,000568985;0,03852153;0,000672072;0,104375624;0,760973075;0,019419942
6;110,3;125,3;0,1555;93,1;3,40E-06;0,007205587;0,009238208;0,787012366;0,00163707;3,05E-05;0,093306777;5,82E-09;5,95E-08;0,10156604
7;110,3;125,3;0,1815;118,7;0,001497932;0,1673887;0,329577057;0,001954592;0,052750579;0,004402184;0,378792917;0,004029342;0,047833111;0,011773587
2;110,67;123,33;0,0518;28,65;0,024898014;0,002424566;0,039721016;0,359167042;0,2315591;0,023551561;0,004266813;0,101570704;0,165671711;0,047169474
3;110,67;123,33;0,0777;39,44;0,001871098;0,696998663;0,058817593;0,008915354;0,193388619;0,000341325;7,52E-05;0,000134925;0,007681189;0,031776026
4;110,67;123,33;0,1036;53,2;0,02381022;0,063024547;0,723437101;0,053325196;0,046851623;0,039127615;0,004019345;0,005440261;0,003689783;0,03727431
6;110,67;123,33;0,1555;93,1;0,252316822;0,316396124;0,053754885;0,031984535;0,123667714;0,089247778;0,055718345;0,042823722;0,02784226;0,006247816
7;110,67;123,33;0,1815;118,7;0,000813424;0,041481048;0,007028377;0,025675798;0,827496201;0,023113913;0,008408913;4,25E-05;0,019269134;0,046670739
1;111,03;121,37;0,0259;19,83;0,002888689;0,073085029;0,573525508;0,020982337;0,042293327;0,012244732;0,000103748;0,27473781;4,28E-05;9,61E-05
2;111,03;121,37;0,0518;28,65;0,027856683;0,002300508;3,54E-05;7,99E-05;0,002306216;0,025018978;0,908206524;0,033302295;0,000860005;3,36E-05
3;111,03;121,37;0,0777;39,44;0,003165217;0,000309016;0,012416441;0,002704003;0,062107241;0,004756948;0,885004268;9,87E-05;6,03E-05;0,029377855
4;111,03;121,37;0,1036;53,2;0,899080146;0,001752725;0,027715928;0,011235174;0,035918913;0,000363531;3,03E-06;0,000741836;1,31E-06;0,023187414
5;111,03;121,37;0,1296;70,9;0,198404019;0,000382285;0,218155503;2,39E-05;0,000109036;0,005692531;4,64E-05;0,577123848;7,20E-06;5,52E-05
6;111,03;121,37;0,1555;93,1;6,71E-06;0,000354366;0,132274839;0,001472963;0,001417268;0,202262457;0,001184273;0,622203976;0,038359355;0,000463794
7;111,03;121,37;0,1815;118,7;0,492842499;0,318814308;3,28E-05;2,54E-08;0,000104352;1,97E-06;0,140924986;0,000197717;0,047075642;5,73E-06
2;111,4;119,4;0,0518;28,65;0,000600004;0,027936858;0,687226486;0,001496981;0,002807614;0,000492077;0,091534928;0,000678044;0,129960216;0,057266793
3;111,4;119,4;0,0777;39,44;0,00132175;0,045970971;0,122006641;0,00083059;2,20E-06;0,011552296;0,817883296;8,08E-05;0,000231489;0,00012001
5;111,4;119,4;0,1296;70,9;4,26E-07;0,006615485;1,50E-08;0,000110483;0,00021955;0,940103718;0,052792834;5,24E-08;1,31E-05;0,000144299
6;111,4;119,4;0,1555;93,1;0,526175596;0,044155306;0,411495182;6,64E-06;0,000114335;0,001486995;4,12E-06;7,40E-06;0,016544722;9,70E-06
7;111,4;119,4;0,1815;118,7;0,008728775;0,000472948;0,000462883;0,056456007;0,00042137;0,179448291;0,500334691;0,230766687;0,018784666;0,004123681
2;111,77;117,43;0,0518;28,65;0,103255084;0,004217937;0,011243582;0,000182715;0,353216626;3,57E-05;0,004762717;0,181376721;0,284887623;0,056821314
3;111,77;117,43;0,0777;39,44;3,51E-05;0,606321426;0,002066633;0,004411609;0,001348079;0,016739179;0,36764779;0,000161863;0,000145317;0,001122982
4;111,77;117,43;0,1036;53,2;0,096727796;0,021340571;2,56E-05;0,005615445;0,006815601;7,55E-06;0,476942785;0,388742389;0,003776098;6,17E-06
5;111,77;117,43;0,1296;70,9;0,001278436;0,040629985;0,000131705;0,318541228;0,000104277;0,001042551;0,046490665;0,010511349;0,505874052;0,075395752
6;111,77;117,43;0,1555;93,1;4,49E-05;3,65E-06;0,018199545;4,79E-05;0,011533736;4,76E-06;0,970023746;9,96E-05;3,71E-05;5,05E-06
1;112,13;115,47;0,0259;19,83;0,063113569;0,018290134;0,02995337;0,058740935;0,001883347;0,342288294;0,021427713;0,005733354;0,434340413;0,024228873
2;112,13;115,47;0,0518;28,65;0,842532713;0,116454711;0,004877396;0,000166446;0,027602707;0,003015558;3,61E-05;4,08E-06;0,002790355;0,002519941
3;112,13;115,47;0,0777;39,44;7,98E-06;0,000919336;0,000581459;0,058763594;0,453571243;0,000471878;0,359706412;0,096477717;0,029417201;8,32E-05
5;112,13;115,47;0,1296;70,9;0,764454944;0,011263701;0,001053295;0,009151013;0,015161115;0,03272565;0,021172651;0,00141396;0,026244858;0,117358812
6;112,13;115,47;0,1555;93,1;0,012303855;0,038348174;0,888209432;0,000745516;0,002063812;0,000286122;0,015380391;0,000709867;0,00049632;0,04145651
1;112,5;113,5;0,0259;19,83;0,002839953;0,004590789;0,100907653;5,46E-05;0,001912765;0,018915171;0,001497087;0,770317149;0,098787809;0,000177039
2;112,5;113,5;0,0518;28,65;0,000252222;0,01201975;0,000999023;2,12E-06;0,000112437;1,22E-05;0,002105552;0,658449579;0,326015828;3,13E-05
4;112,5;113,5;0,1036;53,2;4,50E-07;2,92E-06;7,41E-07;0,008345729;3,00E-06;0,020649708;0,002504893;0,968488566;2,99E-06;9,99E-07
5;112,5;113,5;0,1296;70,9;0,306726024;0,00757336;0,601290154;0,000169216;0,028888323;0,003809155;0,000360861;0,003692866;0,011038092;0,036451951
6;112,5;113,5;0,1555;93,1;2,63E-06;0,003521381;0,001673673;0,020661663;0,473073986;0,003646256;0,000563577;0,049276516;0,446187857;0,001392458
1;112,87;111,53;0,0259;19,83;0,002670347;0,005478893;0,419848424;0,219454288;0,023876411;0,303754247;0,014034344;0,010333704;0,000143479;0,000405862
3;112,87;111,53;0,0777;39,44;0,035330861;0,00931381;0,232391313;0,007733364;0,002383611;0,01925585;0,014889244;0,000823877;0,671459308;0,006418762
4;112,87;111,53;0,1036;53,2;0,234036913;0,08033307;0,003726059;0,253935762;0,412088101;0,001594999;0,003496817;6,71E-05;0,007592196;0,00312897
1;113,23;109,57;0,0259;19,83;0,221235881;0,040095317;9,31E-05;4,73E-05;4,23E-06;0,000345884;0,003861437;0,259886722;0,47432865;0,000101511
2;113,23;109,57;0,0518;28,65;0,000493192;9,59E-05;7,12E-05;2,93E-05;0,587703991;0,354136037;0,0002872;0,001486781;0,050603293;0,00509307
4;113,23;109,57;0,1036;53,2;0,21779184;0,000633488;0,001722149;8,02E-06;0,751868526;8,46E-05;0,026519681;5,78E-05;0,000306807;0,001007071
5;113,23;109,57;0,1296;70,9;0,000612875;2,19E-05;0,002174542;0,007174513;0,335285902;0,103501999;0,516988844;0,000111952;0,016030299;0,018097201
6;113,23;109,57;0,1555;93,1;0,000891098;0,131334479;0,828304986;7,32E-05;0,005865753;0,001559451;0,01727983;0,014291503;6,67E-05;0,00033305
1;113,6;107,6;0,0259;19,83;0,000133804;9,25E-05;0,001533184;0,000451817;0,725605485;0,263877902;0,005191468;0,000641029;0,002445702;2,71E-05
2;113,6;107,6;0,0518;28,65;0,001821992;0,01093597;6,44E-06;0,035625379;0,347721844;0,140202204;3,44E-07;2,43E-07;0,463683399;2,19E-06
3;113,6;107,6;0,0777;39,44;0,778265325;0,001937781;0,161341227;0,040361182;0,000248678;0,00614089;0,000558023;0,006357866;0,001787759;0,003001269
2;113,97;105,63;0,0518;28,65;0,019436496;0,001039638;0,013636065;0,01338095;3,95E-05;4,34E-05;1,18E-05;0,000308564;0,95209699;6,56E-06
4;113,97;105,63;0,1036;53,2;0,006753171;0,00010789;0,003557023;0,000140061;0,549758392;0,014780428;0,248837222;0,117477374;0,056408482;0,002179957
1;114,33;103,67;0,0259;19,83;0,257968071;0,000234681;0,049607354;0,151990126;0,513651113;0,000968774;0,02413401;8,81E-05;0,000211688;0,001146103
2;114,33;103,67;0,0518;28,65;1,00E-07;2,32E-09;4,06E-08;1,74E-09;6,70E-09;8,79E-08;0,999998607;7,64E-08;7,97E-09;1,07E-06
3;114,33;103,67;0,0777;39,44;0,156660016;0,005965207;0,529232988;0,01861953;0,004776562;0,017670706;0,140994177;0,0654186;0,050878689;0,009783526
4;114,33;103,67;0,1036;53,2;0,13089049;0,014004302;0,008124566;0,513760428;0,112443761;0,003089864;0,001264285;0,003434844;0,102041067;0,110946393
5;114,33;103,67;0,1296;70,9;0,00057348;0,04768613;0,046712281;0,440702017;0,00227941;0,319542921;0,016583727;0,124816149;0,000964276;0,000139609
8;114,33;103,67;0,2076;146;7,78E-06;0,006325469;0,042446366;0,470562434;0,103721412;0,028823439;0,317964925;0,0002744;0,001208989;0,028664783
0;114,33;103,67;0,0001;12;0,368831484;0,035773242;0,00015756;0,00013732;9,15E-05;0,43186831;0,040057702;0,03107787;0,091510845;0,000494175
2;114,33;103,67;0,0518;28,65;0,007481081;0,24780313;0,196725782;0,006874626;0,019258591;0,179356662;0,138093657;0,034519833;0,165107528;0,00477911
4;114,33;103,67;0,1036;53,2;5,03E-08;2,33E-06;5,05E-07;0,013642271;1,32E-05;0,984701703;2,31E-05;0,000700658;0,000101032;0,000815183
6;114,33;103,67;0,1555;93,1;0,275784506;0,003721647;0,212022986;0,006456251;0,050398298;0,001819168;0,425698135;0,003823491;0,019017324;0,001258193
8;114,33;103,67;0,2076;146;0,838272479;0,101462596;0,001935543;5,38E-05;9,86E-05;0,048932257;1,00E-05;0,000229141;0,008257562;0,000748096
0;114,33;103,67;0,0001;12;0,020475381;0,653723192;0,002702331;0,00129552;0,06044531;0,013321508;0,039806257;0,038776641;0,15966725;0,009786609
2;114,33;103,67;0,0518;28,65;0,012811006;0,226153817;0,000251293;0,303323729;0,000759086;0,026199114;0,382925567;0,035962481;0,001040992;0,010572918
4;114,33;103,67;0,1036;53,2;0,004552302;0,001379614;0,000412124;0,001615637;4,21E-05;0,015216452;3,12E-05;2,69E-05;0,967191619;0,009532028
8;114,33;103,67;0,2076;146;0,065201482;0,059471183;0,015968209;0,002062421;0,823071336;0,001154903;0,026502355;0,000194703;0,001456703;0,004916703
0;114,33;103,67;0,0001;12;0,19102973;4,77E-05;0,00037428;0,002730496;0,039486643;0,612588548;0,001188651;0,119675762;0,022436236;0,010441915
2;114,33;103,67;0,0518;28,65;0,02939909;0,000138976;0,006133889;0,236210816;0,002563957;0,00021029;0,718504854;8,94E-05;7,94E-06;0,006740774
4;114,33;103,67;0,1036;53,2;0,105581366;0,000292335;0,005999752;4,01E-05;0,19031182;0,34345926;3,37E-05;0,158990727;0,011375871;0,183914977
6;114,33;103,67;0,1555;93,1;0,013727649;0,208024906;0,051639822;0,013165471;0,003502234;0,001274235;0,203995932;0,411451069;0,092589615;0,000629068
8;114,33;103,67;0,2076;146;0,01794883;0,013740408;0,424363135;0,076523928;0,148919186;0,298434353;0,008481851;0,00270714;0,006096159;0,00278501
1;114,7;101,7;0,0259;19,83;7,82E-05;0,001901675;2,64E-05;0,651739341;5,01E-05;0,001390503;0,000557063;0,311470799;0,030267654;0,002518221
2;114,7;101,7;0,0518;28,65;0,468768747;0,000177704;0,001339672;0,014159281;0,047968919;0,071048458;0,19869752;0,001197942;0,022035987;0,174605769
3;114,7;101,7;0,0777;39,44;2,28E-05;0,000929903;1,88E-05;0,014849828;0,003122636;0,360527382;0,58727682;0,032717186;0,000452056;8,26E-05
4;114,7;101,7;0,1036;53,2;0,308785676;0,008441702;0,004578301;0,00099516;0,00027757;0,000176815;0,64649147;0,001264334;0,006579233;0,022409739
6;114,7;101,7;0,1555;93,1;0,008218511;0,00255519;0,72022404;0,260852647;0,006874212;6,05E-06;1,73E-06;0,001217462;2,47E-06;4,77E-05
8;114,7;101,7;0,2076;146;0,059437142;0,000116516;0,00017618;0,310606117;0,009871726;0,001080085;0,230516774;0,000114979;0,388058676;2,18E-05
0;114,7;101,7;0,0001;12;0,067130353;0,035830568;0,156373914;0,000172779;0,026621484;0,000160742;0,618890717;0,072604723;0,007333438;0,014881281
2;114,7;101,7;0,0518;28,65;0,969741515;0,000710166;0,000146289;2,65E-06;0,001906016;0,005256361;6,31E-05;0,019925877;1,25E-05;0,002235493
4;114,7;101,7;0,1036;53,2;0,002441928;0,002074479;0,005830336;0,016221609;0,300739492;0,417211241;0,160883874;0,001046791;0,061961196;0,031589055
6;114,7;101,7;0,1555;93,1;0,017142628;0,002138479;0,000379694;1,17E-05;0,388628805;0,001946054;1,51E-06;0,589089553;1,03E-06;0,00066055
8;114,7;101,7;0,2076;146;0,032881797;0,202047308;0,0006627;0,115184716;0,001616147;9,03E-05;0,471509482;0,000853027;0,17374241;0,00141211
0;114,7;101,7;0,0001;12;0,013139536;0,121061565;0,004170662;0,007127531;0,002077528;0,174408721;0,577175304;0,099166075;0,000351911;0,001321168
2;114,7;101,7;0,0518;28,65;0,119533496;0,0179894;0,012353237;0,65799409;0,049695757;1,62E-05;0,090474564;3,27E-05;0,006461393;0,045449174
4;114,7;101,7;0,1036;53,2;0,047067605;0,001026522;0,001028783;1,65E-05;0,004749011;0,045286651;0,337423406;0,119821099;0,443578822;1,58E-06
6;114,7;101,7;0,1555;93,1;0,000289417;0,000530044;0,292710498;0,115533973;0,008763487;0,052471945;0,495874991;0,004766128;0,028347678;0,000711839
0;114,7;101,7;0,0001;12;0,408563728;0,027525765;0,288904119;0,005846655;0,002800984;0,000693398;0,166058918;0,08561684;0,00366632;0,010323274
2;114,7;101,7;0,0518;28,65;0,319188711;0,001210025;0,234676079;0,32330094;0,000186714;0,000614099;0,095718868;0,023390749;0,001705949;7,87E-06
4;114,7;101,7;0,1036;53,2;0,429157772;0,231864001;0,058834474;0,010776817;0,029314347;0,02432114;4,36E-05;0,006065174;0,08849038;0,121132273
6;114,7;101,7;0,1555;93,1;1,54E-05;0,818697302;0,032467085;0,000186612;0,000721078;0,000730599;0,122064973;0,004825388;8,81E-06;0,020282707
1;115,07;99,73;0,0259;19,83;1,82E-08;0,026779229;0,200879022;0,065658354;2,15E-07;0,12338239;4,76E-08;4,28E-08;0,583299787;8,95E-07
2;115,07;99,73;0,0518;28,65;0,000795828;0,51394066;0,004198347;0,028312449;0,059491137;0,004311519;0,3049889;0,030700275;0,001986361;0,051274524
3;115,07;99,73;0,0777;39,44;0,004931974;0,320045141;0,017662698;0,354146136;0,300621808;6,58E-05;7,05E-05;1,75E-06;0,002448233;6,00E-06
4;115,07;99,73;0,1036;53,2;0,000752551;0,145510581;0,001070966;0,007007931;0,001252154;0,034647987;0,001484022;0,199738984;0,564219283;0,044315542
6;115,07;99,73;0,1555;93,1;0,003778163;0,016576277;0,000660727;0,266196393;0,315290931;0,120499799;0,153012218;0,116533239;0,002343657;0,005108595
8;115,07;99,73;0,2076;146;2,27E-06;0,61323987;0,015049561;0,003456301;0,000244288;1,80E-06;0,362187599;0,00444481;0,000568262;0,000805234
0;115,07;99,73;0,0001;12;0,001382632;0,074817888;0,027535966;0,067175172;0,001615591;0,003494525;0,499350672;0,257888962;0,062672607;0,004065986
2;115,07;99,73;0,0518;28,65;0,358703524;0,055384698;0,000247538;0,425434037;0,000737751;1,43E-05;0,053911854;0,098433046;0,002037579;0,005095709
4;115,07;99,73;0,1036;53,2;0,04640862;2,63E-05;0,733507883;2,47E-05;0,05178733;0,000691859;8,34E-06;0,147626737;4,75E-05;0,01987071
6;115,07;99,73;0,1555;93,1;0,021464836;0,181718361;0,184476513;0,00522054;0,054978523;0,053383213;0,45504123;0,001693634;0,012573524;0,029449625
8;115,07;99,73;0,2076;146;0,013592267;0,522386392;0,025798398;0,111124104;0,085674408;0,000141461;1,15E-05;0,000198492;0,130159765;0,110913257
0;115,07;99,73;0,0001;12;0,666592649;0,001166315;0,233177956;0,000287563;0,017220144;3,71E-05;0,007873091;0,001263054;0,000212611;0,072169485
2;115,07;99,73;0,0518;28,65;0,011020014;0,30122581;3,94E-05;0,001433374;0,657159748;0,001255567;0,001973298;0,000852948;0,024311374;0,000728465
4;115,07;99,73;0,1036;53,2;0,021801915;0,357507829;0,000502355;0,138221481;0,035626952;0,375825931;0,000237232;0,067061842;0,000322122;0,002892341
8;115,07;99,73;0,2076;146;0,001401858;0,003689235;0,106288879;0,001226554;0,210841755;0,360901304;0,197573555;0,109983883;0,006782277;0,001310698
0;115,07;99,73;0,0001;12;0,039049093;0,035405111;0,026416136;0,394891595;0,007566322;0,093886122;0,000362703;0,163378924;0,234823201;0,004220793
2;115,07;99,73;0,0518;28,65;0,056719381;0,002170062;0,170271167;0,00389523;0,009365608;0,304303667;0,155771131;0,19576868;0,101079828;0,000655246
4;115,07;99,73;0,1036;53,2;1,99E-05;0,317668666;0,00022214;2,70E-05;0,588226359;0,089780641;0,000672806;0,000331383;0,000294621;0,002756476
8;115,07;99,73;0,2076;146;6,38E-06;0,129330009;0,176782947;0,003487309;0,000142712;0,051472858;0,602519929;0,000146284;0,025675786;0,010435786
1;115,43;97,77;0,0259;19,83;0,000817639;0,003214295;0,293789495;0,002353176;0,079713104;0,000882275;0,433869132;0,00912526;0,011780148;0,164455476
3;115,43;97,77;0,0777;39,44;2,73E-05;2,34E-06;1,41E-05;0,07672436;8,43E-06;0,085093018;0,001617998;0,836511123;7,70E-07;6,53E-07
4;115,43;97,77;0,1036;53,2;0,098590661;4,99E-05;4,77E-05;0,00010723;0,031157437;0,555000327;0,268952229;0,000138282;0,006716722;0,03923954
5;115,43;97,77;0,1296;70,9;0,041974369;0,018403883;0,920545659;2,64E-06;0,018673377;9,31E-05;9,19E-05;1,83E-06;4,63E-06;0,000208651
6;115,43;97,77;0,1555;93,1;5,10E-05;0,0217658;0,142539545;3,11E-05;0,793253189;0,000148402;0,000108888;0,000428659;0,041429405;0,000244042
8;115,43;97,77;0,2076;146;5,48E-05;0,01127736;0,007445178;4,41E-05;0,003884621;0,000139359;0,491100954;0,397237551;0,088615041;0,000201017
0;115,43;97,77;0,0001;12;0,070265488;0,29865597;0,021560184;0,028240318;0,446095135;0,002555806;0,095989761;0,019498273;0,011387913;0,005751151
2;115,43;97,77;0,0518;28,65;0,000977719;0,003660668;0,116612821;1,09E-05;0,302692929;0,477283936;0,01976575;0,078955034;2,55E-05;1,48E-05
4;115,43;97,77;0,1036;53,2;0,098382174;0,000145702;0,000191913;0,000611765;0,886310965;0,000325041;0,012613528;0,000910531;0,000307201;0,00020118
8;115,43;97,77;0,2076;146;0,017321636;3,51E-05;1,22E-05;0,001044967;0,031730837;0,001083357;0,000235299;0,884441314;0,063944852;0,000150445
0;115,43;97,77;0,0001;12;2,17E-06;6,10E-06;0,001437231;0,814290658;0,002551905;4,84E-07;0,000994972;0,136715346;0,002324112;0,041677017
4;115,43;97,77;0,1036;53,2;0,051742735;0,448157321;0,003470885;0,002547142;0,009245667;0,001982138;0,442254184;0,010619792;0,001368296;0,02861184
6;115,43;97,77;0,1555;93,1;0,024263672;0,5574977;0,000314376;0,030406239;2,07E-07;5,82E-06;8,41E-05;1,60E-05;0,3873219;9,00E-05
8;115,43;97,77;0,2076;146;0,275758244;0,514381413;0,116816733;0,006943257;0,00441872;0,010622956;0,005370773;0,002229405;0,009721097;0,053737402
2;115,43;97,77;0,0518;28,65;1,78E-05;0,491007842;1,80E-05;0,000325139;0,062600628;0,000326278;0,261739357;9,95E-05;0,134678022;0,049187379
4;115,43;97,77;0,1036;53,2;0,004557174;0,42457017;0,531931556;0,003420741;0,010520819;0,000580558;0,022706543;0,001401626;0,00011854;0,000192272
6;115,43;97,77;0,1555;93,1;0,00271158;0,737109047;0,029507365;0,000856166;0,031146814;0,001130492;0,00143244;0,195845586;1,18E-05;0,000248661
4;115,8;95,8;0,1036;53,2;0,000268921;0,001934145;0,000872396;0,318335893;6,09E-05;0,000787069;0,091506475;0,000440222;0,584289664;0,001504354
6;115,8;95,8;0,1555;93,1;0,192742723;0,13857076;0,059148837;0,358427456;0,174781605;0,019807577;0,037339567;0,002175284;0,012444387;0,004561802
8;115,8;95,8;0,2076;146;0,056923287;4,34E-05;0,008098578;0,127617353;0,096970072;0,000261665;0,077267821;1,68E-06;0,630400526;0,002415628
0;115,8;95,8;0,0001;12;0,000109022;0,338661747;0,009759663;0,000120994;0,276511539;0,002937268;0,27706128;0,000910049;0,00048812;0,093440318
2;115,8;95,8;0,0518;28,65;2,36E-06;0,679141216;1,48E-06;0,001936443;7,85E-06;0,013306328;1,19E-05;0,305558556;2,04E-05;1,35E-05
4;115,8;95,8;0,1036;53,2;4,08E-06;0,018962194;0,003542739;4,50E-06;0,000169668;1,36E-07;0,212896505;0,763609815;7,37E-07;0,000809622
6;115,8;95,8;0,1555;93,1;0,000171182;0,04479583;1,01E-05;0,003537748;0,001844649;0,085096389;0,825089939;0,000189324;0,003769976;0,035494837
8;115,8;95,8;0,2076;146;0,002708522;0,155151323;0,037890174;0,388375559;0,002299182;0,046347795;0,155452952;1,73E-05;0,211628429;0,000128806
0;115,8;95,8;0,0001;12;0,000110788;0,154237162;0,396633176;0,345085217;0,057002705;0,001036535;0,000847003;0,0214421;0,000835393;0,022769921
2;115,8;95,8;0,0518;28,65;0,043756364;0,056094009;0,046340496;0,061855047;0,158741729;1,68E-06;0,559234584;0,008787473;0,00714922;0,058039398
4;115,8;95,8;0,1036;53,2;0,00459545;0,372596126;0,000309279;0,001526572;0,000214765;0,147731457;8,06E-05;0,324998101;3,55E-05;0,147912096
6;115,8;95,8;0,1555;93,1;0,063080342;0,494422717;0,046410119;0,295563032;0,022199644;0,000153477;0,008409638;7,91E-05;0,007423015;0,06225896
8;115,8;95,8;0,2076;146;0,002330493;0,045646247;0,000141849;2,26E-05;0,001438287;0,21841668;0,027629957;0,000215426;0,547822109;0,156336332
0;115,8;95,8;0,0001;12;0,000158311;0,424941665;0,005990271;8,02E-05;0,482358174;0,012585825;8,65E-06;0,019899055;0,002426817;0,051551073
4;115,8;95,8;0,1036;53,2;0,474809703;0,001493124;0,380549296;0,043936923;0,000216607;0,000378235;0,004651504;0,088191052;0,000471213;0,005302343
6;115,8;95,8;0,1555;93,1;0,003186167;0,00075165;0,001620908;0,019552042;0,007844236;0,489974507;0,000517562;0,000547055;0,473699195;0,002306677
8;115,8;95,8;0,2076;146;0,340003724;0,104891391;0,001625301;0,00367394;0,306214276;0,005618604;0,001677948;0,228294141;0,004792407;0,003208267
1;116,17;93,83;0,0259;19,83;0,097820997;0,013137672;0,092563724;0,662287422;0,017809962;0,089279301;1,20E-05;8,06E-06;0,000404074;0,026676789
2;116,17;93,83;0,0518;28,65;0,005748716;0,001202065;0,007937715;2,50E-07;9,57E-08;0,970113735;0,000140884;0,014856489;3,77E-08;1,28E-08
3;116,17;93,83;0,0777;39,44;0,007964449;0,67459291;0,003566123;0,162789641;0,003834709;0,13508832;0,000855281;0,010270392;0,000810444;0,000227732
5;116,17;93,83;0,1296;70,9;0,211884892;0,096202009;0,025136327;0,003080416;0,004023498;0,000826749;0,00669594;0,000339804;0,651764782;4,56E-05
8;116,17;93,83;0,2076;146;0,215247531;0,036867101;0,128102433;0,050441494;0,001718907;0,113789765;0,428497579;0,00037872;0,001156147;0,023800323
0;116,17;93,83;0,0001;12;0,001505915;0,096041215;0,003841128;0,380084367;0,001825969;0,047388983;0,450509164;0,000622871;0,017952741;0,000227647
2;116,17;93,83;0,0518;28,65;0,000309741;0,000628579;0,000237442;0,692684801;0,019537421;0,087647467;0,000522267;0,196147609;0,002008697;0,000275977
4;116,17;93,83;0,1036;53,2;0,021926117;0,005870223;0,000105748;0,771385116;0,001036064;0,109956161;0,000513863;0,016535312;0,030981788;0,041689608
6;116,17;93,83;0,1555;93,1;0,157600788;0,000372824;0,025219414;0,20303388;0,155793082;0,029939283;0,421325319;0,000122909;0,006151328;0,000441172
8;116,17;93,83;0,2076;146;0,008679557;2,06E-05;0,117861118;0,000240219;0,016717361;0,728960813;0,003981237;0,003112489;0,110668576;0,009758025
0;116,17;93,83;0,0001;12;0,001418501;0,961325972;0,000468337;3,40E-05;0,001276156;0,022515912;0,005047291;0,007357057;0,000372143;0,000184614
4;116,17;93,83;0,1036;53,2;1,38E-06;0,825756928;5,64E-07;0,001975838;0,000108841;0,172153525;7,29E-08;1,48E-06;9,69E-07;3,93E-07
6;116,17;93,83;0,1555;93,1;0,449343578;0,040286845;0,001047421;0,050630003;0,00435158;0,001850577;0,297430035;0,099497066;0,027734413;0,027828481
8;116,17;93,83;0,2076;146;0,229970998;0,005833337;0,455894379;0,003208549;0,005893721;0,064408591;0,000314576;0,009774205;0,212642257;0,012059387
2;116,17;93,83;0,0518;28,65;0,002885202;5,85E-05;0,123965061;0,002673952;0,000138533;0,000461678;0,344006591;0,498972403;0,014104518;0,0127336
4;116,17;93,83;0,1036;53,2;0,012746131;1,01E-05;0,003370308;0,606651695;0,00058184;0,313011756;5,19E-06;0,062942788;1,94E-05;0,000660786
6;116,17;93,83;0,1555;93,1;0,259918379;0,163082379;0,000426899;0,000992674;0,020244422;0,030823426;0,103529183;0,420200991;0,000332501;0,000449148
8;116,17;93,83;0,2076;146;0,025401334;0,007148087;0,031046741;0,000239037;0,036831737;0,012467612;0,006124925;0,115118203;0,748822273;0,016800052
1;116,53;91,87;0,0259;19,83;0,017500021;0,120924654;0,095632494;0,017866334;0,089039651;0,139267935;0,00371793;0,395692929;0,028279318;0,092078734
3;116,53;91,87;0,0777;39,44;0,307218438;0,285688628;0,003619499;0,021419183;0,00054234;0,001105429;0,001069228;0,2725857;0,02168587;0,085065684
4;116,53;91,87;0,1036;53,2;1,29E-06;0,022250033;0,037405255;0,047781125;3,32E-05;7,11E-06;0,201990006;5,93E-05;0,690457838;1,49E-05
5;116,53;91,87;0,1296;70,9;0,115664444;3,79E-07;0,085056019;0,00010955;1,11E-06;0,424445948;0,336255388;0,000768686;0,037681802;1,67E-05
6;116,53;91,87;0,1555;93,1;0,098600169;2,94E-05;2,39E-05;0,000245305;6,10E-06;1,70E-05;0,901019671;6,01E-06;2,43E-06;5,01E-05
8;116,53;91,87;0,2076;146;7,34E-06;0,97700255;9,80E-06;0,011803829;2,12E-07;0,001423833;4,97E-05;0,009675336;2,69E-05;5,72E-07
0;116,53;91,87;0,0001;12;0,000220371;0,003701566;0,002639433;0,027595772;0,791628809;0,001425927;0,069654614;0,08845148;0,003074802;0,011607226
2;116,53;91,87;0,0518;28,65;0,791874697;0,000175978;7,34E-05;0,001294565;0,187618887;0,000477498;0,000211552;0,000396218;0,017788227;8,90E-05
4;116,53;91,87;0,1036;53,2;0,000120747;0,000215751;0,126105156;0,463721003;0,006801836;0,387399484;0,006110339;7,36E-05;0,000745316;0,00870672
6;116,53;91,87;0,1555;93,1;0,012992466;0,040201834;0,042735149;0,005586071;0,67162139;0,002094717;0,193883209;0,001906169;0,000655637;0,028323358
8;116,53;91,87;0,2076;146;0,000146524;0,167540139;0,000345942;0,006221403;0,001188169;0,002859782;0,000353918;0,178192501;0,585145227;0,058006395
0;116,53;91,87;0,0001;12;0,380288884;0,002110025;0,220334078;0,115021154;0,006181573;0,001185018;0,005369845;0,238531842;0,027980667;0,002996914
2;116,53;91,87;0,0518;28,65;0,207096979;0,562411055;0,046044265;0,001594205;0,009786717;0,039960443;0,122827276;0,00045648;0,003101482;0,006721098
4;116,53;91,87;0,1036;53,2;0,033482279;0,240401386;0,107284055;0,005857252;0,164815366;0,013044209;0,006509172;0,161180264;0,250843364;0,016582654
6;116,53;91,87;0,1555;93,1;0,000526671;0,004756971;0,04017439;0,005824278;0,310719787;0,145090499;0,000221576;0,491043732;0,000323309;0,001318787
0;116,53;91,87;0,0001;12;0,001086321;0,004356616;0,176836555;0,810645606;0,001799705;0,000147087;0,000188345;0,000213143;0,000368809;0,004357814
2;116,53;91,87;0,0518;28,65;1,06E-07;3,41E-05;9,00E-07;1,50E-05;0,847056204;1,44E-06;0,137700889;0,000465442;0,014116495;0,000609451
4;116,53;91,87;0,1036;53,2;0,20506021;0,072055626;0,096400199;0,014199082;0,005396854;0,034828654;0,314106518;0,002201882;0,235098394;0,020652582
6;116,53;91,87;0,1555;93,1;0,005673685;0,022316093;0,000993035;0,287521401;0,043046912;0,504306734;0,019844663;0,115200939;0,000342833;0,000753706
8;116,53;91,87;0,2076;146;0,049589518;0,001366623;0,000259146;0,785875763;0,003105883;0,139853162;0,000643761;0,00565922;0,006936947;0,006709977
1;116,9;89,9;0,0259;19,83;0,002952692;0,002856;8,97E-05;0,05554155;0,045500574;0,197084793;0,295762418;0,13510657;0,081110202;0,183995499
2;116,9;89,9;0,0518;28,65;0,297325319;0,374311868;0,001219423;0,197386547;0,002085444;0,019630363;0,007602024;0,010380972;0,089708842;0,000349198
3;116,9;89,9;0,0777;39,44;0,002420242;0,000482482;0,216250296;6,99E-07;3,21E-06;0,104950092;0,134384831;0,539007803;5,61E-06;0,002494739
4;116,9;89,9;0,1036;53,2;0,01369594;0,000420804;0,000881203;0,017781746;0,940411449;0,011400789;5,18E-05;0,001301254;0,010941206;0,003113816
5;116,9;89,9;0,1296;70,9;0,749779086;0,004807857;0,0148826;0,012291231;0,001086985;0,000391622;0,002916172;0,182356038;0,001187774;0,030300634
6;116,9;89,9;0,1555;93,1;0,062503194;0,040081033;0,000347104;0,008969984;0,000613298;0,093307469;0,00764101;0,784541283;0,00080271;0,001192916
8;116,9;89,9;0,2076;146;0,268331678;1,99E-05;9,61E-07;0,644296932;0,000150941;2,00E-05;0,000457613;0,084753789;0,001967828;3,03E-07
0;116,9;89,9;0,0001;12;0,091773613;0,118903033;0,051282973;0,000740428;0,635482058;0,005515265;0,045848079;0,007291536;0,009600981;0,033562035
2;116,9;89,9;0,0518;28,65;1,77E-05;0,000475575;0,05227443;0,000304425;0,910871074;0,015376416;0,005550196;0,004108359;7,92E-05;0,010942612
4;116,9;89,9;0,1036;53,2;1,20E-06;3,08E-06;1,30E-07;1,17E-05;5,39E-06;0,000106179;1,88E-07;0,578651394;0,42120756;1,31E-05
6;116,9;89,9;0,1555;93,1;1,54E-05;0,000694712;0,008308295;0,012866573;0,000158229;0,972136977;0,005444444;0,000175756;7,04E-05;0,000129204
8;116,9;89,9;0,2076;146;0,007963657;0,974085913;2,39E-06;0,000122776;0,003008585;0,004804188;3,41E-06;4,67E-05;0,009957495;4,88E-06
0;116,9;89,9;0,0001;12;0,215763542;0,639916249;0,022966054;0,049346903;0,00272421;0,058782096;0,005525853;0,000497671;0,002469705;0,002007717
2;116,9;89,9;0,0518;28,65;0,321346291;0,040897058;0,035294857;0,401904918;0,089799063;0,107989735;0,000607612;0,001245033;0,000193285;0,000722147
4;116,9;89,9;0,1036;53,2;0,019386383;0,036636998;0,111096317;0,210514217;0,027240974;0,005820105;0,028685495;0,152024383;0,399534698;0,009060431
6;116,9;89,9;0,1555;93,1;0,012967539;0,016212558;0,001300261;0,007225384;0,004317635;0,000821679;0,000222524;0,818581426;0,057361175;0,08098982
8;116,9;89,9;0,2076;146;0,000299984;0,366189513;0,005400303;0,000893243;0,000216936;6,68E-05;0,060722132;0,550826681;0,015144753;0,000239691
0;116,9;89,9;0,0001;12;0,009879218;0,441663267;0,529664583;0,009389737;0,001988301;0,000178669;0,00020192;0,001162813;0,005617633;0,000253858
2;116,9;89,9;0,0518;28,65;0,727970279;0,011601341;0,000488263;0,000440349;0,09661982;0,018996914;0,024726898;0,002433592;0,003146101;0,113576441
4;116,9;89,9;0,1036;53,2;0,001372737;0,092456824;0,001697892;0,004340532;0,505411479;0,006643513;0,342084179;0,02653138;0,0169857;0,002475765
8;116,9;89,9;0,2076;146;0,007315985;0,012292054;0,100330638;0,154745303;0,03876297;0,008058403;0,509463981;0,00055697;0,138247058;0,030226637
1;117,27;87,93;0,0259;19,83;0,902358003;0,022580736;0,000171695;0,001558237;4,20E-05;0,006201045;0,005126246;0,00329508;0,058655386;1,16E-05
2;117,27;87,93;0,0518;28,65;0,040299631;0,055050603;0,000702496;0,611558061;0,251548215;2,86E-05;0,002916367;0,000391769;0,009162916;0,02834139
4;117,27;87,93;0,1036;53,2;0,225812615;0,007830118;0,000109947;0,004120497;0,001210314;0,02909242;0,182047633;0,296456834;0,246799495;0,006520127
5;117,27;87,93;0,1296;70,9;0,035171784;0,002576702;0,04463403;0,00405107;0,351203237;0,025220157;0,020839532;0,000562486;0,352315495;0,163425506
6;117,27;87,93;0,1555;93,1;9,47E-11;1,21E-10;0,004866129;0,000207774;0,283609404;2,02E-05;1,07E-05;0,711285765;6,63E-11;4,99E-09
8;117,27;87,93;0,2076;146;0,001670797;0,000318143;0,590651789;0,084152382;0,216539492;0,000451947;0,088641467;0,000578314;0,00922965;0,00776602
0;117,27;87,93;0,0001;12;0,0001395;3,71E-05;0,388635404;0,127866118;0,447140106;0,031654021;0,000436465;0,000200518;0,000577672;0,003313054
2;117,27;87,93;0,0518;28,65;0,031818474;0,05273051;0,000862501;0,000147184;0,001837901;0,000131008;0,000287891;0,021178752;0,888578595;0,002427186
4;117,27;87,93;0,1036;53,2;0,006211436;0,047051512;0,140337232;0,000101179;6,68E-05;0,301722605;0,492794196;3,60E-05;3,74E-05;0,011641609
6;117,27;87,93;0,1555;93,1;0,00038055;0,068779004;0,047964156;0,021306539;0,000221039;0,000264025;0,11694052;0,627833373;0,088440651;0,027870142
8;117,27;87,93;0,2076;146;0,191619514;1,75E-05;0,005952547;0,000343477;0,0543409;0,720582823;0,000144019;8,57E-05;0,026709406;0,000204127
0;117,27;87,93;0,0001;12;0,012784215;0,017775112;0,886074984;0,000146953;0,033102675;0,008335117;5,66E-05;9,04E-05;0,031185084;0,010448764
2;117,27;87,93;0,0518;28,65;0,001994111;4,74E-05;0,699418392;0,023342116;0,107255641;0,091900178;0,014930027;0,043723505;2,66E-05;0,017362069
4;117,27;87,93;0,1036;53,2;0,853388918;0,000405355;0,045908936;0,052438013;0,004718146;7,84E-05;0,033259542;0,008799673;0,000519642;0,000483375
6;117,27;87,93;0,1555;93,1;0,108372974;0,879615311;2,57E-05;9,52E-06;0,000115807;0,003550643;5,12E-05;0,008028947;4,48E-05;0,000185084
8;117,27;87,93;0,2076;146;0,000875974;0,573043533;0,000465475;0,000157577;1,34E-05;0,170381424;0,010021828;0,000199278;0,244646578;0,000194924
0;117,27;87,93;0,0001;12;0,026713284;0,000557755;0,414336075;0,000521596;0,000583014;0,523817655;0,002137699;0,027604663;0,001172397;0,002555863
2;117,27;87,93;0,0518;28,65;0,066647189;0,166282158;0,014455361;0,168235911;0,020480738;0,013979482;0,012436159;0,177460063;0,268942907;0,091080033
4;117,27;87,93;0,1036;53,2;0,003074397;0,470767722;0,001231891;0,411314864;0,000240845;0,032427753;0,007711306;0,071702542;0,000506871;0,001021808
6;117,27;87,93;0,1555;93,1;0,010963907;0,464321556;0,007840591;0,349661295;0,003927953;0,000210919;0,001782427;0,008005299;0,018434352;0,1348517
8;117,27;87,93;0,2076;146;3,34E-05;0,012053811;0,023805454;0,837508867;0,00199841;0,001889996;0,00286118;0,06534832;9,40E-06;0,054491156
1;117,63;85,97;0,0259;19,83;3,55E-05;0,002918385;0,120139209;0,004115034;0,027047846;0,773561781;0,003524925;0,06822863;1,13E-05;0,000417361
2;117,63;85,97;0,0518;28,65;0,231252945;1,98E-05;0,578258054;1,24E-05;0,000133483;0,017373122;9,01E-05;0,015233517;0,000281245;0,157345342
3;117,63;85,97;0,0777;39,44;0,006167071;0,004074365;0,23534886;0,000353561;0,366746282;0,000382481;0,384428314;8,88E-05;0,000174095;0,002236206
4;117,63;85,97;0,1036;53,2;0,11039816;0,574071273;0,083639353;0,00300952;0,029045097;0,000757557;0,000580159;0,155804197;0,004710099;0,037984587
5;117,63;85,97;0,1296;70,9;0,595119;0,189900907;0,002004957;0,096972418;0,004225105;0,106533702;0,00011119;0,000302873;0,004364264;0,000465584
6;117,63;85,97;0,1555;93,1;0,002906648;0,010168178;0,073845965;0,057319981;0,016325853;0,491534282;0,01596894;0,329326861;0,001960845;0,000642447
8;117,63;85,97;0,2076;146;5,10E-06;0,006902994;3,89E-05;0,001743053;0,009976231;0,027942155;0,002041212;0,931039019;9,31E-05;0,020218322
2;117,63;85,97;0,0518;28,65;8,34E-07;1,30E-08;0,007875113;0,003566202;0,850918893;1,63E-05;4,19E-08;5,02E-06;0,137617534;1,17E-08
4;117,63;85,97;0,1036;53,2;0,001183763;0,642328968;0,016991572;0,205727253;0,002321296;0,041457817;0,003447096;0,010959886;0,009084176;0,066498172
6;117,63;85,97;0,1555;93,1;0,022478039;8,68E-05;0,008525088;0,089586169;0,033230515;0,051198767;0,062388846;0,050535099;0,677768476;0,004202225
8;117,63;85,97;0,2076;146;0,036625102;0,884948498;0,032618494;0,014755033;0,009504186;0,001347437;0,000752955;0,000431643;0,011435196;0,007581455
0;117,63;85,97;0,0001;12;0,179597264;0,005574944;0,000103017;0,034208492;0,002593877;0,006211254;4,62E-06;0,033957588;0,736824974;0,000923969
2;117,63;85,97;0,0518;28,65;0,000449609;0,000471976;0,315262239;0,119897113;0,312729222;0,107628437;0,003529288;0,05390391;0,082897655;0,00323055
4;117,63;85,97;0,1036;53,2;1,42E-06;0,107162769;1,69E-06;0,023406501;0,034928569;0,821819702;0,000927826;0,007989913;4,36E-07;0,003761176
6;117,63;85,97;0,1555;93,1;0,000747646;0,399092583;0,000410184;0,280523572;0,002577999;4,92E-05;0,000183918;0,000404589;0,299722935;0,016287384
8;117,63;85,97;0,2076;146;0,014173123;0,100466311;0,007306687;0,299751163;0,041621973;0,485222814;0,021409916;0,01643652;0,005344134;0,00826736
0;117,63;85,97;0,0001;12;0,009750012;0,378708475;0,000149129;0,603150381;0,001795749;0,002101945;0,001277478;3,98E-05;0,002887175;0,000139834
2;117,63;85,97;0,0518;28,65;0,006542945;0,082697548;0,003312727;0,058804034;2,76E-05;0,71172869;0,065070607;0,050779039;0,020968444;6,84E-05
4;117,63;85,97;0,1036;53,2;0,010559058;0,152160073;0,610516001;0,174091802;0,004779154;0,035636895;0,00111449;0,007934503;0,001895372;0,00131265
6;117,63;85,97;0,1555;93,1;0,705462593;3,67E-05;0,179893902;0,031859973;0,00085767;0,000451814;0,001536409;3,22E-05;0,005283782;0,074585028
8;117,63;85,97;0,2076;146;0,000183378;0,00164264;1,32E-05;0,132937054;2,77E-05;0,736818218;1,39E-05;4,86E-05;0,125539608;0,00277568
1;118;84;0,0259;19,83;0,227822038;0,046703735;0,00146904;0,016141812;0,003881455;0,009876642;0,041062113;0,468932551;0,057232948;0,126877665
2;118;84;0,0518;28,65;0,000764844;0,000498107;0,173918746;0,428741006;0,040272982;0,000722291;0,002041147;0,003448696;0,349193606;0,000398574
3;118;84;0,0777;39,44;0,011229381;0,01593205;0,082551526;0,000232406;0,000397132;0,000202338;0,009078975;0,874659939;0,005530466;0,000185788
4;118;84;0,1036;53,2;0,251712464;0,000232447;1,46E-05;0,00140238;6,69E-05;0,00045111;5,12E-07;0,742006811;0,004048515;6,43E-05
4;118;84;0,1036;53,2;5,70E-06;0,446720303;0,070101336;0,002931668;0,475898119;0,003132809;0,000152061;0,001054063;2,25E-06;1,69E-06
6;118;84;0,1555;93,1;0,000691306;0,000352361;2,92E-05;0,003440319;0,157443411;0,409785771;0,376451786;0,006878156;0,043769984;0,001157697
8;118;84;0,2076;146;0,002888895;0,001208903;6,62E-05;0,000933549;0,001523423;0,960920025;0,025308356;0,000805062;0,004532528;0,001813047
2;118;84;0,0518;28,65;7,27E-05;0,000171139;0,290551018;0,006420639;0,54478721;0,000677212;0,001410301;3,18E-05;0,120048082;0,035829903
4;118;84;0,1036;53,2;0,114264365;0,194278989;0,011319949;0,187712994;0,000545051;0,438591877;0,033281215;0,000784474;0,001990743;0,017230343
6;118;84;0,1555;93,1;0,007666471;0,145044545;0,029230689;0,008333775;0,049888044;0,019149665;0,04272737;0,49218723;0,150601129;0,055171083
8;118;84;0,2076;146;0,004784975;0,003679432;0,359505991;0,084874769;0,003281469;0,002776569;0,002839765;0,287632046;0,117065125;0,133559858
2;118;84;0,0518;28,65;0,006204196;0,004355003;0,001733807;0,00182922;0,00088651;0,40054374;0,022637263;0,53669035;0,020658596;0,004461315
6;118;84;0,1555;93,1;0,659312015;0,13087424;0,001885565;0,000250745;0,001253128;0,002988808;0,027152397;0,000307083;0,000442815;0,175533203
8;118;84;0,2076;146;0,288978569;0,392796938;0,001875074;0,172725616;0,121759448;0,00045697;0,000823054;0,007961576;0,012105169;0,000517587
1;118,37;82,03;0,0259;19,83;0,196155559;0,003433753;0,023869441;0,015675794;0,001920425;0,046730751;0,004531475;0,002237049;0,684482052;0,0209637
3;118,37;82,03;0,0777;39,44;0,000311597;1,31E-05;0,00036864;0,000105561;1,93E-07;0,576484456;0,000504979;0,422197522;1,38E-05;1,47E-07
4;118,37;82,03;0,1036;53,2;0,002319888;0,003771217;0,000734381;0,759692527;0,041380105;0,001501002;0,172640839;0,004529598;0,011787724;0,001642718
6;118,37;82,03;0,1555;93,1;0,550885019;0,153056927;0,003315091;0,046036654;0,066835052;0,043976999;0,001011147;0,033463893;0,007801283;0,093617935
8;118,37;82,03;0,2076;146;0,007407591;0,002584878;6,70E-05;0,004061034;0,002397457;0,942051223;0,024354665;0,000595493;0,010565981;0,005914635
4;118,37;82,03;0,1036;53,2;0,466139266;6,41E-07;0,003270131;4,56E-05;0,085065399;8,24E-07;0,400970967;0,000415317;1,74E-05;0,044074389
6;118,37;82,03;0,1555;93,1;0,001603935;0,078222914;0,05156949;0,012974828;0,357949839;0,003402844;0,381192733;0,055470314;0,001019379;0,056593722
8;118,37;82,03;0,2076;146;0,014337421;0,011040813;0,002789212;0,180433551;0,231054781;0,019017691;0,028680442;0,501048617;0,011274634;0,000322839
0;118,37;82,03;0,0001;12;0,017825001;0,243335157;0,001316644;0,002928776;0,057201525;0,004111857;0,325242652;0,069570599;0,274365685;0,004102103
2;118,37;82,03;0,0518;28,65;0,000121896;0,3374455;0,582922685;0,023968438;0,054979349;0,000349356;0,000204245;1,85E-06;3,43E-06;3,26E-06
6;118,37;82,03;0,1555;93,1;0,350761624;0,036341987;0,092498486;0,213751281;0,086939528;0,0300996;0,006096188;0,003390547;0,095989878;0,084130881
8;118,37;82,03;0,2076;146;5,12E-06;4,25E-06;1,66E-05;1,39E-07;0,000390377;4,22E-06;7,80E-07;0,999342374;0,000234128;1,99E-06
0;118,37;82,03;0,0001;12;0,587677405;0,044754807;0,000132619;0,156370614;0,000832523;0,006611563;0,090142265;0,000266078;0,075740172;0,037471954
2;118,37;82,03;0,0518;28,65;7,58E-06;0,358200533;0,252684295;0,189735948;0,000799448;4,28E-05;0,059708687;0,00640463;3,99E-05;0,132376128
4;118,37;82,03;0,1036;53,2;0,000765725;0,025188438;0,000325272;0,111612491;0,000257175;0,132212601;0,717051896;0,002225973;0,001358344;0,009002084
6;118,37;82,03;0,1555;93,1;0,000708512;0,001932292;0,65491667;0,328372051;0,000148833;0,003067458;0,010012908;6,22E-05;0,000114523;0,000664552
1;118,73;80,07;0,0259;19,83;0,455613447;2,10E-05;1,75E-05;0,42858792;0,000139356;0,115047783;0,000194977;4,50E-06;0,000358657;1,49E-05
2;118,73;80,07;0,0518;28,65;0,194178385;8,06E-05;8,28E-05;0,016437407;0,296484237;6,85E-05;0,001466415;0,000230903;0,49093595;3,48E-05
4;118,73;80,07;0,1036;53,2;0,000141822;0,853510747;6,84E-06;0,000264867;8,57E-06;0,001298924;1,03E-06;2,35E-07;0,144766678;2,79E-07
5;118,73;80,07;0,1296;70,9;0,001530333;0,001464565;0,604065055;0,215551781;0,001433498;0,169483689;0,00353164;0,002167973;0,000177118;0,000594349
6;118,73;80,07;0,1555;93,1;0,001592105;0,013069363;0,002798689;0,226410269;0,008669352;0,000250996;0,012377258;0,037738297;0,694874608;0,002219063
8;118,73;80,07;0,2076;146;0,000145126;0,014893288;0,006129879;0,026820861;0,00127576;0,084048083;0,720840905;0,006229152;0,047186634;0,092430313
0;118,73;80,07;0,0001;12;0,046190119;8,36E-05;0,034816494;0,000567911;0,017394162;0,523677592;0,1224314;0,045080848;0,208959723;0,000798166
2;118,73;80,07;0,0518;28,65;0,013556075;0,015935191;0,001899108;0,586673665;0,11218169;0,01886566;0,186053522;0,053757238;0,009826048;0,001251804
8;118,73;80,07;0,2076;146;0,016585832;0,610791394;0,253765485;0,027477677;0,000730008;0,000238371;0,08988068;3,29E-05;0,000496221;1,44E-06
0;118,73;80,07;0,0001;12;0,01137157;0,276319652;0,050278108;0,001474104;0,012440154;0,57602813;0,000294032;0,063190141;0,002719352;0,005884756
2;118,73;80,07;0,0518;28,65;3,12E-05;0,207096102;0,000441096;0,191232721;0,000112435;0,083727673;0,015950647;0,500482622;8,45E-06;0,000917043
4;118,73;80,07;0,1036;53,2;0,007863444;0,002701348;0,277163664;0,004877281;0,275066622;0,006497304;0,03558497;0,370469534;0,001465442;0,018310391
6;118,73;80,07;0,1555;93,1;0,007398818;0,133551135;0,006042697;0,012396173;0,566477185;0,094259564;0,154479179;0,007136405;0,016230046;0,002028797
8;118,73;80,07;0,2076;146;2,18E-05;4,68E-05;0,798187465;0,000315822;0,19883136;0,000207042;3,02E-05;0,000438169;0,00054955;0,001371788
0;118,73;80,07;0,0001;12;0,001146359;0,777955219;0,017065415;0,000419188;0,1052925;0,000304185;0,001069965;0,003341944;0,015567038;0,077838188
2;118,73;80,07;0,0518;28,65;0,244937309;0,451243406;0,000540351;0,000734621;0,005020326;0,020477933;0,271627992;0,002035149;0,001980396;0,001402517
4;118,73;80,07;0,1036;53,2;0,083065735;0,000563227;0,715951264;0,005653668;0,001872574;0,016359636;0,151750102;0,008487673;0,0124995;0,003796622
6;118,73;80,07;0,1555;93,1;0,005198712;0,036978899;0,015912275;0,001160451;7,29E-06;1,71E-06;0,363292144;0,576313867;0,000173975;0,000960675
8;118,73;80,07;0,2076;146;9,63E-06;0,034158375;8,44E-08;0,000811289;0,005861717;1,28E-09;0,958472088;0,000670338;1,49E-05;1,56E-06
2;119,1;78,1;0,0518;28,65;0,009663742;0,004653373;0,005540572;0,683879346;0,023643247;0,117837568;0,083022366;0,004274118;0,036577372;0,030908297
4;119,1;78,1;0,1036;53,2;0,00102092;0,0288695;0,002828978;0,001001729;0,228777872;0,218484984;0,007711371;0,038840712;0,321376826;0,151087108
5;119,1;78,1;0,1296;70,9;5,34E-07;0,351414084;1,70E-07;0,000358089;8,79E-08;0,454118733;0,000309661;0,19314643;9,03E-07;0,000651308
6;119,1;78,1;0,1555;93,1;0,10609242;0,134737576;0,043319488;0,006126656;0,076828616;0,440658603;0,003373758;0,016166695;0,016042191;0,156653997
8;119,1;78,1;0,2076;146;0,654283925;0,167214619;0,010455817;0,007365969;0,007819906;0,017034947;0,048781042;0,025549429;0,05440299;0,007091356
0;119,1;78,1;0,0001;12;0,035517685;8,99E-08;0,656521012;3,32E-07;0,285875458;0,005201398;0,002704859;0,004246738;1,44E-05;0,009918066
6;119,1;78,1;0,1555;93,1;0,7457844;0,220226005;3,17E-05;0,00075651;0,000505146;0,004000411;0,015899316;0,000473785;0,003452884;0,008869836
8;119,1;78,1;0,2076;146;0,003466078;0,004136824;9,91E-06;0,007982988;1,07E-05;0,000524963;0,003730519;0,979811139;4,92E-05;0,000277676
0;119,1;78,1;0,0001;12;0,001163215;0,020883577;0,228341778;0,000272888;0,269749517;0,00189032;0,280983821;3,05E-06;0,00048035;0,196231479
2;119,1;78,1;0,0518;28,65;0,025051376;0,000303074;0,035482712;0,047859141;0,000183793;0,21988729;0,513224687;0,029517531;0,116529085;0,011961312
4;119,1;78,1;0,1036;53,2;0,055912046;0,466809093;0,000858699;0,03854263;0,04565996;0,002835157;0,206409621;0,002398959;0,108847445;0,071726391
6;119,1;78,1;0,1555;93,1;0,217507271;0,012602547;0,000210494;0,000323031;0,000664402;0,007462314;0,71965744;0,000305005;0,000759832;0,040507662
0;119,1;78,1;0,0001;12;0,266204565;0,000300506;0,00472332;0,110312039;0,000716867;0,000475931;0,003477193;0,091574516;0,362148212;0,16006685
2;119,1;78,1;0,0518;28,65;0,033012837;0,000768666;0,000235969;0,12738603;0,002914256;0,000177647;0,286265521;0,410488199;0,006395828;0,132355048
4;119,1;78,1;0,1036;53,2;0,083836238;0,427383576;2,49E-05;0,000207068;0,017832827;0,462996799;1,04E-05;3,85E-05;0,005634191;0,002035479
6;119,1;78,1;0,1555;93,1;0,121800748;0,046257165;0,005374792;5,02E-05;0,001108244;0,000458762;0,190422147;0,411229395;0,069607513;0,15369104
8;119,1;78,1;0,2076;146;0,127703444;0,315137107;7,91E-05;0,053045448;4,87E-06;3,65E-05;0,489629429;0,011350099;0,003013582;4,64E-07
1;119,47;76,13;0,0259;19,83;3,04E-06;0,029068732;0,028671327;4,01E-06;3,20E-05;0,0066496;0,545333857;0,005338368;0,384664737;0,000234303
2;119,47;76,13;0,0518;28,65;0,384875168;0,015847472;0,003225778;0,376034249;0,030220829;0,000232752;0,000374248;0,000282622;0,000736802;0,188170079
3;119,47;76,13;0,0777;39,44;0,036400252;0,001701724;0,761104621;0,145177979;0,01045407;0,004750164;0,014295283;0,025181285;0,000621763;0,000312859
4;119,47;76,13;0,1036;53,2;0,02396175;0,072541616;0,004066675;0,549387918;0,006697853;0,082534045;0,000540743;0,227881156;0,007031097;0,025357146
5;119,47;76,13;0,1296;70,9;0,30939937;0,009683439;0,000483576;1,08E-05;0,274741193;0,319197553;2,49E-07;0,083042176;0,003440935;7,09E-07
6;119,47;76,13;0,1555;93,1;0,890410769;0,003189832;0,000112475;1,58E-05;0,00696307;8,24E-05;5,53E-06;0,003150418;0,096044378;2,54E-05
8;119,47;76,13;0,2076;146;0,000274806;0,00575396;0,249963711;0,338842947;0,07378088;0,053447075;0,024720541;0,00025254;0,252197647;0,000765892
0;119,47;76,13;0,0001;12;0,00100112;0,000111986;0,000734976;6,83E-05;0,004361725;0,671342817;0,00291288;0,008273156;0,220647342;0,090545681
2;119,47;76,13;0,0518;28,65;0,407512488;0,002534191;0,018235685;0,218919249;0,263866619;0,013124783;0,012197896;0,052916458;0,001857954;0,008834677
4;119,47;76,13;0,1036;53,2;0,000379702;0,047004999;0,000199558;0,090252904;1,46E-05;0,12738408;0,352406958;7,23E-05;0,373209322;0,009075623
6;119,47;76,13;0,1555;93,1;0,00240966;0,033905615;0,005431699;0,023728911;0,001167145;0,162053182;0,003716747;0,646693653;0,112210393;0,008682995
8;119,47;76,13;0,2076;146;0,073269907;0,117695267;4,11E-05;1,49E-05;0,000842651;0,766004574;0,019034615;0,020710995;3,23E-05;0,002353681
0;119,47;76,13;0,0001;12;0,274218309;0,004381246;0,267618353;0,002984982;0,249852872;0,183926181;0,002199214;0,001219015;0,004181832;0,009417997
2;119,47;76,13;0,0518;28,65;0,040043062;0,003020803;0,030783616;0,003678752;0,005134;0,037985453;0,003268708;0,000416633;0,821812804;0,053856168
4;119,47;76,13;0,1036;53,2;0,000413789;0,438298546;0,001425835;0,001168707;0,547655624;7,44E-05;0,008147567;0,000971186;0,001230259;0,000614039
6;119,47;76,13;0,1555;93,1;0,00731899;0,000700469;9,40E-06;1,20E-05;4,23E-05;0,145377898;0,637254071;0,000503244;0,002446317;0,206335386
8;119,47;76,13;0,2076;146;0,028024985;0,586928957;0,028578255;0,006325152;0,024921;0,076851533;0,076762976;0,005256231;0,01523927;0,151111641
0;119,47;76,13;0,0001;12;1,63E-05;0,000224066;0,000551156;0,467087555;9,12E-06;0,022643247;5,53E-06;0,508535483;1,22E-05;0,00091527
2;119,47;76,13;0,0518;28,65;9,08E-06;6,86E-05;0,000779608;0,150702518;0,001035118;0,765452821;0,081509299;9,13E-06;0,000406476;2,74E-05
4;119,47;76,13;0,1036;53,2;3,04E-05;7,24E-06;0,0006602;0,000216736;0,628468363;0,349252654;0,019750676;0,001427034;3,46E-05;0,000152074
6;119,47;76,13;0,1555;93,1;0,000900805;0,783567082;0,000445099;0,005941715;0,002116647;0,020263184;0,09444598;0,000326281;0,005783756;0,086209452
8;119,47;76,13;0,2076;146;0,000905943;0,016484859;0,001408392;0,192005047;0,098836802;0,028765479;0,001716775;0,000576662;0,575879303;0,083420738
2;119,83;74,17;0,0518;28,65;6,75E-05;0,874031761;0,000369543;0,000492645;0,009181201;0,005063808;0,001070443;0,104223026;0,005344168;0,000155914
3;119,83;74,17;0,0777;39,44;0,32975657;0,001830307;2,78E-05;0,516219546;0,000178805;0,000750388;4,18E-05;0,000185799;0,145500526;0,005508432
4;119,83;74,17;0,1036;53,2;0,002394965;0,839297006;0,001800693;0,000494058;0,0126513;2,82E-06;0,000188391;1,93E-06;0,133422591;0,009746249
6;119,83;74,17;0,1555;93,1;0,13366982;0,00424911;0,139952347;0,500049312;9,07E-05;5,09E-05;5,47E-05;0,013882739;0,207872047;0,000128429
8;119,83;74,17;0,2076;146;0,005994504;0,224979433;0,086581476;0,050549014;0,160718323;0,058345093;0,093749461;0,26782386;0,041837714;0,009421122
0;119,83;74,17;0,0001;12;2,09E-06;0,000264052;0,425030383;0,572082696;0,000230261;2,54E-05;2,33E-06;0,00230091;6,47E-07;6,12E-05
2;119,83;74,17;0,0518;28,65;0,007410311;0,779946334;0,028483242;0,000281971;0,066149554;0,001215619;0,020011565;9,51E-05;0,095069771;0,001336541
6;119,83;74,17;0,1555;93,1;0,016885484;0,000104189;0,000700223;0,711948766;0,133052126;7,34E-05;0,022417335;0,00805025;0,000761281;0,106006965
8;119,83;74,17;0,2076;146;0,002445153;0,344335524;0,000601225;4,79E-05;3,80E-05;0,034756512;0,004518663;4,86E-05;0,613196803;1,16E-05
0;119,83;74,17;0,0001;12;0,29143087;0,002790689;0,002742586;0,038558115;0,001722691;0,005771137;0,009948226;0,337127457;0,302026696;0,007881532
2;119,83;74,17;0,0518;28,65;0,001534798;0,994408598;1,66E-05;1,29E-07;1,32E-07;1,08E-06;0,00299971;4,59E-07;4,25E-07;0,001038073
4;119,83;74,17;0,1036;53,2;0,028752673;3,00E-05;0,000470428;0,000817396;0,158236685;0,004685848;8,00E-06;7,16E-05;0,805255101;0,001672252
0;119,83;74,17;0,0001;12;0,056238903;0,000467409;0,047947205;0,003763315;0,285187637;0,040640379;0,438695091;0,011155014;0,00123328;0,114671769
4;119,83;74,17;0,1036;53,2;0,0197752;0,085382649;0,476442232;0,124323894;0,00065159;0,000778474;0,000791678;0,253960463;0,037289161;0,000604659
8;119,83;74,17;0,2076;146;0,000161712;0,000898814;0,127253001;0,816542982;0,000266782;0,000385626;0,00062917;0,024260736;0,016285941;0,013315234
2;120,2;72,2;0,0518;28,65;0,01267305;0,009759448;8,95E-05;0,847534698;0,015666497;0,041592458;0,055646639;0,016669617;4,37E-05;0,000324462
3;120,2;72,2;0,0777;39,44;0,000497585;0,319001828;0,000493842;0,137448165;0,002851372;0,091890448;0,148698126;0,263049357;0,003373195;0,032696083
5;120,2;72,2;0,1296;70,9;0,446764544;0,113074361;0,021614285;0,086324009;0,025889848;0,033458261;0,000133149;0,053835348;0,202422445;0,016483751
6;120,2;72,2;0,1555;93,1;0,001039547;0,000246197;0,000789543;1,39E-05;0,000905582;0,000133462;0,03363412;0,947501473;0,008811083;0,006925061
0;120,2;72,2;0,0001;12;0,00135245;0,139868785;0,000421177;0,000835403;0,004443005;5,02E-05;0,85131755;0,001275213;0,000152425;0,00028378
4;120,2;72,2;0,1036;53,2;2,95E-05;0,000145954;0,00019988;0,000273376;8,14E-06;0,004125538;0,01727885;0,967802168;0,003020727;0,007115825
6;120,2;72,2;0,1555;93,1;8,58E-05;0,003805951;0,115889898;0,00349964;0,155267818;2,36E-05;0,000451374;0,1232898;0,581818998;0,01586711
8;120,2;72,2;0,2076;146;0,001991353;0,000889169;0,000233217;0,000307022;0,032307904;0,959369917;0,000142824;2,29E-05;4,31E-05;0,00469261
4;120,2;72,2;0,1036;53,2;0,008140743;1,29E-05;5,35E-05;2,92E-05;0,003727149;0,197882534;0,777670935;1,75E-05;0,012455418;1,02E-05
6;120,2;72,2;0,1555;93,1;0,004278155;0,000405318;0,001599988;0,77808575;0,031609282;0,000313406;0,117258421;0,06484386;0,00152346;8,24E-05
2;120,2;72,2;0,0518;28,65;0,000501166;0,000813698;0,000537756;0,000647874;0,000560599;0,001589763;0,986129796;0,008689637;0,00044419;8,55E-05
4;120,2;72,2;0,1036;53,2;0,000813493;0,003209506;0,002050533;0,000388142;0,006572335;0,173696674;0,35277013;0,460129385;6,07E-05;0,000309136
6;120,2;72,2;0,1555;93,1;0,036731068;0,146300179;0,000145271;0,000380864;0,010351504;0,794865561;0,003439887;0,000131727;0,00752588;0,000128059
1;120,57;70,23;0,0259;19,83;0,087806071;0,004307202;0,001359021;0,180869804;0,024502125;0,006648089;0,007510037;0,675423458;0,007540368;0,004033825
2;120,57;70,23;0,0518;28,65;0,016179279;0,010746383;0,000406564;0,03678151;0,014781022;4,51E-05;0,450137342;0,254611988;0,216055619;0,000255183
3;120,57;70,23;0,0777;39,44;9,16E-05;0,000756583;0,267999203;0,441456399;0,053610303;0,235730568;0,000246379;5,26E-05;1,58E-05;4,06E-05
4;120,57;70,23;0,1036;53,2;0,052913863;4,42E-05;9,04E-05;0,241951854;0,021821153;3,74E-05;1,68E-06;3,99E-05;0,682606283;0,000493218
5;120,57;70,23;0,1296;70,9;0,000619457;0,017393328;6,99E-05;0,007230559;0,094568246;0,042989217;0,835489883;3,93E-05;0,00011103;0,001489112
6;120,57;70,23;0,1555;93,1;0,001467858;0,001366718;0,001437137;0,000688069;0,00022561;0,000150632;0,002699374;0,840477539;0,029975077;0,121511986
8;120,57;70,23;0,2076;146;0,140046964;0,000326148;0,000119717;0,000287322;8,22E-06;0,859183747;5,99E-06;6,97E-06;1,73E-06;1,32E-05
0;120,57;70,23;0,0001;12;2,15E-05;5,05E-05;0,00118822;0,00445011;0,049041537;0,0004569;0,000245602;0,944016544;1,02E-05;0,000518867
2;120,57;70,23;0,0518;28,65;0,000421311;0,006396888;0,05074339;0,859473166;0,078812356;5,51E-05;0,000144347;0,000561188;0,003215279;0,000176962
6;120,57;70,23;0,1555;93,1;0,173087223;0,046573721;0,014698729;0,037733357;0,007981579;0,23148507;0,043437095;0,013029054;0,355198175;0,076775995
8;120,57;70,23;0,2076;146;0,04304821;0,295873309;0,000433209;0,451720546;7,94E-05;0,00106624;1,78E-08;5,23E-07;0,206986584;0,000791975
2;120,57;70,23;0,0518;28,65;0,172228805;0,008723546;0,003692621;0,004553394;0,035889185;0,031417341;0,002468735;0,20865107;0,528531725;0,003843579
4;120,57;70,23;0,1036;53,2;0,334684188;6,33E-08;2,22E-09;2,07E-05;2,05E-08;2,55E-05;0,00110585;0,001208997;0,662112664;0,000842036
6;120,57;70,23;0,1555;93,1;0,043667358;0,046564055;0,000147055;0,518132475;7,88E-05;4,81E-05;0,181337233;0,010309762;0,198623799;0,001091273
8;120,57;70,23;0,2076;146;0,07702965;0,000489803;0,036688047;0,122755677;0,083498268;9,25E-05;0,00219234;0,591072956;0,019637928;0,066542826
0;120,57;70,23;0,0001;12;0,088443683;0,039606613;0,012959378;0,006611527;4,20E-05;0,115392417;0,512641898;0,064286785;0,000474784;0,15954096
2;120,57;70,23;0,0518;28,65;0,597860584;0,000874005;3,40E-05;4,36E-06;0,009531097;3,92E-06;0,379997248;0,000110231;0,000546788;0,011037722
4;120,57;70,23;0,1036;53,2;0,30463422;0,00064232;0,004531668;0,657905195;0,017056697;8,85E-05;0,000471411;0,004462058;0,009194569;0,001013391
8;120,57;70,23;0,2076;146;0,000195325;0,002316808;0,012891516;0,004513083;0,930383191;0,000451763;0,014419425;0,000631137;0,032895045;0,001302706
1;120,93;68,27;0,0259;19,83;0,011129366;0,00062696;0,072279822;0,016541523;0,000301912;0,684842446;0,127801183;0,046813778;0,000728407;0,038934602
2;120,93;68,27;0,0518;28,65;6,02E-06;0,852729814;4,88E-06;1,68E-05;2,86E-06;2,53E-06;0,004572669;6,67E-05;0,001055884;0,141541799
3;120,93;68,27;0,0777;39,44;0,000139415;0,177023101;0,000184142;0,010609653;0,172961766;0,569542909;0,069087991;0,000205508;5,69E-05;0,000188649
4;120,93;68,27;0,1036;53,2;0,016357989;0,159045223;0,030975243;0,018981196;0,024136758;0,005641353;0,003897087;0,55684313;0,179983128;0,004138894
5;120,93;68,27;0,1296;70,9;0,001459548;0,042302833;0,009787837;0,349877047;0,001736695;0,09370075;0,001972093;0,014976259;0,473747285;0,010439654
6;120,93;68,27;0,1555;93,1;2,89E-06;0,038417347;0,00205378;0,390342391;0,000382639;0,000322925;7,37E-06;0,552229918;0,016240166;5,75E-07
8;120,93;68,27;0,2076;146;0,005614456;0,000858224;0,000216171;0,792639796;0,000562008;0,113528326;0,041497358;0,010634854;0,003710892;0,030737916
2;120,93;68,27;0,0518;28,65;0,004752849;0,310463274;0,001684578;0,04234392;0,304442182;0,246845928;1,59E-05;5,53E-05;0,072346721;0,01704934
4;120,93;68,27;0,1036;53,2;0,000412419;1,35E-06;0,258458838;0,107459288;0,379190535;0,033267776;0,22120968;1,91E-08;8,83E-08;5,32E-09
6;120,93;68,27;0,1555;93,1;0,022081498;0,808473014;0,000176049;0,003050285;0,001650535;0,007638155;0,000295397;0,004417029;0,14660398;0,005614058
8;120,93;68,27;0,2076;146;0,0519347;0,179736507;4,05E-05;0,083557024;8,73E-06;3,96E-05;0,147662172;0,00476827;0,439859767;0,092392743
0;120,93;68,27;0,0001;12;0,004074926;6,76E-06;3,42E-06;0,049377757;0,010657408;0,001499069;0,160671785;0,767359274;0,006335846;1,37E-05
2;120,93;68,27;0,0518;28,65;0,021314121;0,001484223;0,001101595;0,010334953;0,010584627;0,000164013;0,277128103;0,063013692;0,5835545;0,031320174
4;120,93;68,27;0,1036;53,2;0,000385288;0,00092805;0,002359361;0,033875764;0,001248506;0,000757249;0,004780153;0,597657338;0,34970528;0,008303011
6;120,93;68,27;0,1555;93,1;0,949571074;0,000224728;0,016855083;0,016507174;0,002970648;0,000149056;0,007450275;0,002352457;0,00349487;0,000424635
0;120,93;68,27;0,0001;12;1,50E-05;0,137854158;0,000184759;3,17E-05;0,000162982;1,20E-05;0,000598001;0,824442113;0,008909294;0,027789983
2;120,93;68,27;0,0518;28,65;0,13626658;0,000491947;8,37E-05;0,000196998;0,73795256;0,013722639;0,001211069;0,001822817;0,108013017;0,000238691
4;120,93;68,27;0,1036;53,2;0,015175309;0,083763505;0,003548725;8,24E-05;4,23E-05;0,639565741;0,253562216;0,000116003;0,004140091;3,71E-06
6;120,93;68,27;0,1555;93,1;0,077453145;0,210514805;0,477701916;0,010008498;0,000300167;0,055780851;0,163100004;0,001037053;0,00046778;0,003635781
8;120,93;68,27;0,2076;146;0,050810314;0,001636503;0,012073365;0,000749084;0,00249075;0,00203691;0,306983544;0,621325213;0,000456537;0,001437779
3;121,3;66,3;0,0777;39,44;3,95E-05;0,00253463;0,725009812;0,265778878;0,003925201;0,001866277;0,000408128;6,00E-06;8,97E-05;0,000341902
4;121,3;66,3;0,1036;53,2;0,009237423;0,130591858;0,543679203;0,001951675;0,174829504;0,012246417;0,091463918;0,012400022;0,011393395;0,012206586
5;121,3;66,3;0,1296;70,9;0,121085544;0,326914355;0,006269667;0,001409919;0,124851064;0,027049088;0,181975256;0,181223299;0,000696456;0,028525352
6;121,3;66,3;0,1555;93,1;1,46E-05;0,003517905;0,123628045;5,64E-05;1,86E-05;0,145040505;7,71E-05;6,30E-06;0,722698195;0,004942303
8;121,3;66,3;0,2076;146;0,018803689;1,35E-05;2,32E-05;0,063149957;1,66E-06;0,076655192;0,002275669;0,223133861;0,574117926;0,041825386
0;121,3;66,3;0,0001;12;0,001089641;0,028413061;0,354694736;0,528122193;0,000225195;0,000282329;0,001120077;0,029494878;0,052909587;0,003648303
4;121,3;66,3;0,1036;53,2;0,000179179;0,000286078;0,016698499;0,000478963;5,20E-05;0,384218476;0,022300278;0,573725755;0,001941766;0,000119014
6;121,3;66,3;0,1555;93,1;0,002375532;0,586315423;0,006732704;0,132889975;0,076236709;0,006518457;0,187763924;0,000832645;0,000326577;8,05E-06
8;121,3;66,3;0,2076;146;0,000628439;0,919272777;0,007542841;0,005918535;0,007844607;0,002823923;0,000996307;0,004203198;0,003959379;0,046809994
0;121,3;66,3;0,0001;12;0,027058559;0,004396246;0,04220206;0,004367861;0,774090517;0,019117023;0,005958506;0,001962651;0,050325139;0,070521438
2;121,3;66,3;0,0518;28,65;0,247475422;0,007562099;0,048455456;0,213983711;0,34764703;0,000592356;0,012311751;0,090790698;0,01401378;0,017167696
4;121,3;66,3;0,1036;53,2;0,076282984;0,000941976;0,073159358;0,348350632;0,000848189;0,122260527;0,221154749;0,100046797;0,048990195;0,007964592
6;121,3;66,3;0,1555;93,1;0,000838906;0,328131693;0,340268267;5,17E-06;0,161638127;0,007157389;0,137295308;0,023186927;0,000416864;0,001061349
8;121,3;66,3;0,2076;146;0,014208594;0,009064661;0,007653741;0,415502644;0,00158169;0,001907707;0,197569664;0,350474017;0,001519204;0,000518076
0;121,3;66,3;0,0001;12;0,040618641;0,885409287;0,007152905;0,010243985;0,003427274;0,016341875;0,005851521;0,003782539;0,023094105;0,004077869
2;121,3;66,3;0,0518;28,65;0,00476287;0,056009299;1,08E-05;0,20212655;1,93E-06;9,80E-05;0,736930901;2,19E-05;3,76E-05;8,40E-08
4;121,3;66,3;0,1036;53,2;0,000105033;4,71E-05;0,00080309;0,239242952;0,031638292;0,651072381;0,004644528;0,00107008;0,023823661;0,047552853
8;121,3;66,3;0,2076;146;0,00337049;2,56E-05;0,000172041;0,000171096;1,79E-05;0,133135673;3,39E-05;0,418119164;0,444939694;1,45E-05
1;121,67;64,33;0,0259;19,83;0,007886773;0,00048674;0,282457081;0,000326246;0,015926286;0,028791662;0,594123626;0,008013308;0,001021643;0,060966635
4;121,67;64,33;0,1036;53,2;0,007129024;0,045601876;0,001833852;8,59E-05;0,060345506;0,876467251;0,006814065;0,00153737;7,96E-05;0,000105565
5;121,67;64,33;0,1296;70,9;0,000250037;0,03015752;7,94E-06;0,000695174;0,731048416;3,76E-05;0,030409729;0,051824597;0,000117354;0,155451623
6;121,67;64,33;0,1555;93,1;0,046111235;0,027987978;0,01365915;0,191457536;0,201159334;0,046829528;0,035039586;0,312253047;0,031730003;0,093772604
8;121,67;64,33;0,2076;146;4,39E-05;0,000183112;0,808535731;0,000104234;0,00081596;0,049687599;0,008569497;0,003680395;0,000903045;0,127476569
0;121,67;64,33;0,0001;12;0,585003257;1,09E-05;0,001015325;0,059947985;0,083053001;0,000158403;0,002549473;0,223756103;0,044309178;0,000196391
2;121,67;64,33;0,0518;28,65;1,31E-05;0,041852146;6,95E-07;5,39E-07;0,001868467;5,95E-06;3,91E-06;0,005589839;0,950644683;2,07E-05
4;121,67;64,33;0,1036;53,2;9,96E-05;3,10E-05;0,00249525;4,68E-06;6,00E-05;0,017682632;0,02096738;0,42652437;0,486743538;0,045391603
6;121,67;64,33;0,1555;93,1;0,048515972;0,335251759;0,093460784;0,138456275;0,001757938;0,012149827;0,010676863;0,02094361;0,322384622;0,016402352
8;121,67;64,33;0,2076;146;0,405040161;0,000124235;0,000291479;0,550717182;0,000242403;0,002354982;0,02362563;0,002421795;0,00080745;0,014374684
0;121,67;64,33;0,0001;12;0,010919336;0,095802486;0,000571562;0,22653373;0,008041071;0,563787564;0,078315756;0,008990813;0,00585261;0,001185071
2;121,67;64,33;0,0518;28,65;0,040211997;0,504845333;0,000471153;0,080719615;0,006314728;0,103727856;0,00233348;0,255037673;0,00236749;0,003970675
4;121,67;64,33;0,1036;53,2;0,000112468;0,002590312;2,61E-06;0,000882246;1,05E-05;0,341897805;0,486237261;0,000577399;4,64E-07;0,16768895
6;121,67;64,33;0,1555;93,1;0,984580955;5,69E-05;0,00611024;0,001301186;7,42E-05;8,26E-05;0,004606458;0,0031485;9,32E-06;2,96E-05
8;121,67;64,33;0,2076;146;0,0014043;0,099701763;0,121337063;0,106961394;0,099593112;0,508045402;0,046456151;0,014146466;0,000338085;0,002016264
0;121,67;64,33;0,0001;12;2,75E-05;0,000606848;7,96E-05;0,418369064;0,437674185;1,41E-05;0,011997096;0,000110381;7,87E-05;0,131042499
2;121,67;64,33;0,0518;28,65;0,00010209;0,066102249;0,017152286;0,04743974;0,000292272;0,000331264;0,100211121;0,033054786;0,651724818;0,083589376
4;121,67;64,33;0,1036;53,2;2,09E-05;2,39E-06;0,000139078;0,97035354;4,00E-06;5,07E-08;2,82E-05;2,71E-07;0,029437907;1,36E-05
6;121,67;64,33;0,1555;93,1;0,0060361;0,144251048;0,072339854;0,164188094;0,011997818;0,052116128;0,539724813;0,000821294;0,002944909;0,005579943
8;121,67;64,33;0,2076;146;0,008072969;0,002468166;0,160840733;0,235347989;0,003070963;0,038384354;0,000539223;0,005015737;0,507824554;0,038435313
1;122,03;62,37;0,0259;19,83;0,906855009;1,30E-05;2,57E-06;0,087230735;7,55E-07;0,000190648;1,94E-06;0,005458185;0,000203722;4,34E-05
2;122,03;62,37;0,0518;28,65;0,000722104;0,001544312;0,144877619;0,001551215;0,000524062;0,001085877;0,829131893;0,002076296;0,017750343;0,00073628
4;122,03;62,37;0,1036;53,2;0,693768065;0,000338898;0,00451027;0,013567462;0,27079213;0,000943862;1,57E-06;0,008171035;0,00774015;0,000166553
5;122,03;62,37;0,1296;70,9;0,005788794;0,104304298;0,018441566;0,087874594;0,022154818;0,000822261;0,679301168;0,08057994;0,000630254;0,000102308
6;122,03;62,37;0,1555;93,1;0,006139036;0,043136577;0,008019495;0,0015461;0,002866806;0,002525559;0,907086716;0,027744354;0,000915987;1,94E-05
8;122,03;62,37;0,2076;146;0,007713442;5,75E-05;0,206170911;9,09E-05;0,587278533;0,00238565;0,174377592;0,008578193;0,012239385;0,001107864
0;122,03;62,37;0,0001;12;0,818760322;0,003911319;0,007198373;0,003295965;0,004240307;0,160486423;4,81E-05;0,001604487;0,000208471;0,000246201
2;122,03;62,37;0,0518;28,65;0,000201475;0,017873468;0,001298083;0,012845791;7,00E-05;3,47E-05;0,282496543;0,615953712;2,20E-06;0,069223959
6;122,03;62,37;0,1555;93,1;0,003659362;0,006073471;2,56E-05;2,74E-05;1,33E-05;0,113348986;0,001614226;0,755757939;0,119442441;3,74E-05
8;122,03;62,37;0,2076;146;0,001979978;0,180126921;0,001435453;0,086668926;0,013443653;0,611052971;0,086920851;0,006619957;0,008023529;0,00372776
0;122,03;62,37;0,0001;12;0,000122027;0,018073807;0,003983544;0,812563678;0,006985234;0,15308935;4,26E-05;0,00052805;0,001926804;0,002684868
2;122,03;62,37;0,0518;28,65;0,00021043;0,000713171;0,052004538;9,34E-05;0,629915416;0,292890048;5,58E-05;0,013502805;0,000217051;0,010397319
4;122,03;62,37;0,1036;53,2;0,000665635;0,518031707;0,001404459;0,005219344;0,2172479;0,029858723;0,003451355;0,002361199;0,049311575;0,172448103
6;122,03;62,37;0,1555;93,1;0,31276085;5,09E-05;0,005353425;2,37E-05;0,028942362;0,487425812;5,63E-05;0,01200274;0,078004435;0,075379504
8;122,03;62,37;0,2076;146;0,01222239;0,841048368;0,000868015;0,000172853;0,000118887;0,000305272;0,000690606;0,057329996;0,082571182;0,004672432
0;122,03;62,37;0,0001;12;0,232170765;0,003418354;0,004656478;0,217757269;0,08957539;0,00123096;0,00242969;0,000531308;0,352868684;0,0953611
2;122,03;62,37;0,0518;28,65;0,000691611;0,892257137;0,001404467;0,000332914;0,060079877;0,01098058;0,000220723;0,000132649;0,0338091;9,09E-05
4;122,03;62,37;0,1036;53,2;0,000258974;0,909132457;0,00498599;0,003200367;4,73E-06;3,31E-08;0,000266067;0,082130887;1,98E-06;1,85E-05
6;122,03;62,37;0,1555;93,1;0,004709465;0,495936536;0,116242997;0,101000322;0,005870215;0,21590838;0,012840033;0,015862202;0,016270367;0,015359484
2;122,4;60,4;0,0518;28,65;0,004480557;0,098631727;0,000562242;0,002248557;0,000410352;0,001133737;6,61E-05;0,87752222;0,012020062;0,002924445
5;122,4;60,4;0,1296;70,9;0,011631336;0,065006634;0,014687004;0,197262042;0,504876111;0,1016458;0,054125253;0,017016755;0,00052638;0,033222685
0;122,4;60,4;0,0001;12;0,051976694;0,914011082;1,16E-05;0,001425522;0,000818053;1,90E-05;0,002063434;0,013911668;4,43E-06;0,015758491
2;122,4;60,4;0,0518;28,65;3,97E-05;0,121304476;1,98E-05;0,238809975;0,100511081;6,84E-05;0,000170494;0,026844889;0,511824003;0,000407137
6;122,4;60,4;0,1555;93,1;0,01882086;0,000187745;0,006685093;3,12E-05;0,01231458;5,82E-07;0,006357944;0,016059211;0,939380883;0,000161909
8;122,4;60,4;0,2076;146;0,077895804;0,00101164;0,00438676;0,055404774;0,689882262;0,034557982;0,002218793;0,073413454;0,060888884;0,000339649
0;122,4;60,4;0,0001;12;0,000172632;3,00E-05;0,108642942;0,332967627;0,291088715;3,76E-05;0,267059399;3,61E-08;9,73E-07;7,58E-08
2;122,4;60,4;0,0518;28,65;0,044548933;0,008202502;0,015164044;0,00433967;0,009221768;0,084121784;0,186683921;0,616750646;0,002403787;0,028562945
4;122,4;60,4;0,1036;53,2;0,110741603;0,007372842;1,83E-05;0,001424356;2,67E-06;0,000232624;0,070414793;0,292180181;0,517606903;5,69E-06
6;122,4;60,4;0,1555;93,1;0,080792179;0,242885182;0,022793331;0,001194474;0,004572562;0,214002212;0,323548142;0,000967361;0,108137062;0,001107495
8;122,4;60,4;0,2076;146;7,28E-06;0,357372449;0,112623966;0,006113836;0,368271387;0,056414836;7,31E-05;0,07798381;0,021039496;9,98E-05
0;122,4;60,4;0,0001;12;0,047487702;0,000311732;0,01934533;0,000713008;4,25E-07;0,051723871;0,000400831;0,20727207;0,588396963;0,084348069
2;122,4;60,4;0,0518;28,65;0,042637101;0,017914292;0,000850405;0,006020947;0,000152669;0,012074299;0,33633105;0,376252139;0,205138275;0,002628824
4;122,4;60,4;0,1036;53,2;0,000136601;0,000315255;0,827046329;0,004001034;0,001572625;0,042925096;0,123931095;1,52E-05;3,61E-05;2,07E-05
6;122,4;60,4;0,1555;93,1;4,55E-05;0,003803768;0,019287497;0,00036963;0,001003867;3,58E-05;0,569888039;0,334785557;0,068560111;0,002220229
1;122,77;58,43;0,0259;19,83;1,52E-05;0,000590219;0,432700152;0,140005974;0,004566153;5,53E-05;0,006190192;0,415785571;2,20E-05;6,93E-05
2;122,77;58,43;0,0518;28,65;0,000180658;5,01E-05;1,58E-05;0,603049949;3,69E-05;0,002895947;5,37E-05;0,393059702;0,000617833;3,94E-05
4;122,77;58,43;0,1036;53,2;0,000564204;0,013172318;0,000223739;0,001759427;0,000369068;0,000569791;0,937748236;0,000512005;0,001979979;0,043101232
5;122,77;58,43;0,1296;70,9;0,000482947;0,034707983;0,504779624;0,000293857;0,062082555;0,397443918;4,19E-05;1,61E-05;0,000137499;1,36E-05
6;122,77;58,43;0,1555;93,1;0,003206408;0,336867259;0,177028534;0,211702239;0,228832875;0,000262218;0,034021002;0,000880752;0,006783103;0,00041561
8;122,767;58,433;0,2076;146;0,012156502;0,003254347;0,003335116;0,008788477;0,201779241;0,01933177;0,372582418;0,201069614;0,037636311;0,140066203
0;122,767;58,433;0,0001;12;0,27025911;0,00496016;0,01692718;0,000732611;0,000833748;0,000893738;0,552293343;0,085636868;0,06104352;0,006419722
2;122,767;58,433;0,0518;28,65;0,005257922;6,54E-05;1,97E-06;3,54E-06;8,28E-05;1,55E-07;2,87E-05;0,994219518;0,000271912;6,81E-05
4;122,767;58,433;0,1036;53,2;0,000212942;0,00067357;0,142036953;0,097824249;0,010931581;9,62E-05;0,000215207;0,746859139;0,000973395;0,000176732
8;122,767;58,433;0,2076;146;0,009336305;0,07092732;0,032512635;1,59E-06;0,076631709;0,808804028;0,001550252;1,67E-05;0,00020647;1,30E-05
0;122,767;58,433;0,0001;12;0,015760904;0,00094372;0,000631696;0,003446457;0,618808149;0,002468231;0,336099135;0,021369558;4,27E-05;0,000429455
4;122,767;58,433;0,1036;53,2;0,001681692;0,092569017;0,000348438;0,000359586;0,55694926;0,001397081;0,336478955;0,004256285;0,004431736;0,001527951
6;122,767;58,433;0,1555;93,1;0,026505737;0,001027987;0,002938507;0,132396347;0,010834291;0,012387443;0,652147159;0,01108515;0,048685064;0,101992315
0;122,767;58,433;0,0001;12;0,03874559;0,000244842;0,009852777;0,000108648;5,65E-05;0,008564028;0,000162845;4,79E-05;0,941319167;0,000897694
2;122,767;58,433;0,0518;28,65;0,028405854;0,467637925;0,06295987;0,01186898;0,005327589;0,037044099;0,004646556;0,000472463;0,37970801;0,001928654
4;122,767;58,433;0,1036;53,2;0,806224846;0,000486524;0,001350526;0,151641547;0,00061605;0,000557721;0,038743495;0,000254484;5,93E-05;6,55E-05
6;122,767;58,433;0,1555;93,1;8,61E-05;9,55E-05;2,81E-05;0,09608757;0,001612833;9,56E-07;5,75E-08;0,002949002;0,896552384;0,002587488
8;122,767;58,433;0,2076;146;2,59E-06;0,000184615;1,10E-05;0,000377369;0,079714019;0,757084807;0,004606067;0,119110015;0,002532815;0,036376663
1;123,133;56,467;0,0259;19,83;0,169710661;0,003970343;0,00045883;0,001335742;0,000545001;0,108692093;7,81E-06;5,82E-05;0,593857228;0,121364143
2;123,133;56,467;0,0518;28,65;0,001918255;0,001572635;0,009871335;0,001650253;0,790380572;0,107579546;0,043333687;0,021121081;0,022466595;0,000106041
3;123,133;56,467;0,0777;39,44;0,017767066;3,38E-05;0,00037452;4,51E-06;3,36E-05;3,30E-06;0,78907892;0,065734432;0,126966954;2,97E-06
4;123,133;56,467;0,1036;53,2;0,155081073;0,000164212;2,09E-05;5,93E-05;1,83E-05;0,001309855;0,012736642;0,000905847;0,829376232;0,000327674
6;123,133;56,467;0,1555;93,1;0,003638439;0,234630377;2,39E-05;4,60E-05;3,08E-05;0,099593718;0,38986358;0,271340493;0,000823527;9,18E-06
2;123,133;56,467;0,0518;28,65;0,02875374;0,091369747;0,233897774;0,004576662;0,155215776;0,355582718;0,005915881;0,002716819;0,12057672;0,001394163
4;123,133;56,467;0,1036;53,2;0,000284661;0,000992221;0,084668498;8,65E-05;0,439360436;0,00029353;0,000852476;0,000297109;0,45331802;0,01984658
6;123,133;56,467;0,1555;93,1;0,000364627;0,000602998;0,017804009;0,000245536;0,001220331;0,029869677;0,000140816;0,946696709;4,03E-06;0,003051268
0;123,133;56,467;0,0001;12;0,002076649;0,869450585;0,00642543;0,00071157;0,003019409;0,00412531;0,000793611;0,095992263;0,004741277;0,012663895
2;123,133;56,467;0,0518;28,65;0,000268308;0,085841676;0,000184674;0,463675576;0,044498133;0,234943331;0,006517305;0,056304342;0,000224898;0,107541757
6;123,133;56,467;0,1555;93,1;0,209297899;0,566537044;0,000277062;0,003199011;0,016846577;0,002586784;0,000739465;0,004216254;0,051725067;0,144574836
8;123,133;56,467;0,2076;146;5,39E-05;0,005363911;0,015543818;0,021146168;0,755468585;0,002919261;0,013411741;0,031015284;0,008213022;0,146864276
0;123,133;56,467;0,0001;12;0,018817717;0,007409966;0,006193875;0,795298813;0,006937715;0,03340283;0,073266131;0,002544967;0,022569319;0,033558665
2;123,133;56,467;0,0518;28,65;0,109824113;0,683144339;0,046235529;4,37E-06;0,029616116;0,002563423;0,000806361;0,125943081;0,00024911;0,001613561
4;123,133;56,467;0,1036;53,2;0,175577185;0,009826953;0,000195477;0,002609601;0,018481728;0,009369635;0,003147792;0,777566757;2,44E-05;0,003200508
6;123,133;56,467;0,1555;93,1;0,000639085;0,227741802;0,265154207;0,326789621;0,000301678;0,146618354;0,000600814;0,012019729;0,012221586;0,007913125
8;123,133;56,467;0,2076;146;0,01806285;0,052013126;0,080755323;0,326747517;0,425270701;0,040875975;0,029678137;0,019911755;0,004586213;0,002098403
1;123,5;54,5;0,0259;19,83;0,107280703;0,000333933;0,623487717;0,002869791;0,076011209;0,000921792;4,71E-05;0,148392433;0,022407339;0,018248001
2;123,5;54,5;0,0518;28,65;4,36E-05;0,015521831;0,071506769;0,000214356;0,026376911;6,64E-05;0,093780765;0,477101226;0,315321433;6,67E-05
3;123,5;54,5;0,0777;39,44;0,006050297;0,098438317;0,006070433;0,050265225;0,011168425;0,004084203;0,101748358;0,091551047;0,496208167;0,134415529
4;123,5;54,5;0,1036;53,2;0,006127275;0,074458676;0,001389923;0,000476705;0,306791582;0,083172426;0,058469226;0,117903702;0,348595998;0,002614488
6;123,5;54,5;0,1555;93,1;9,36E-05;0,00097519;0,308415455;0,000398299;0,016175848;0,031362565;0,638958119;0,003248646;0,000149983;0,000222336
8;123,5;54,5;0,2076;146;1,24E-05;8,71E-05;0,071785543;0,854671848;0,000172431;4,33E-05;0,070810072;0,000283564;0,002131304;2,43E-06
0;123,5;54,5;0,0001;12;0,00560204;3,46E-05;9,75E-05;0,016339004;0,000853662;0,072919253;6,00E-06;2,10E-05;0,878185899;0,025941068
4;123,5;54,5;0,1036;53,2;0,859082945;0,012975018;0,02752174;0,002253572;0,029150576;0,000316286;0,055246357;0,008451918;0,000901221;0,004100368
6;123,5;54,5;0,1555;93,1;0,000833204;0,08157954;0,316306131;0,004713295;0,002317322;0,558894414;0,033171414;0,001442527;0,000136683;0,00060547
8;123,5;54,5;0,2076;146;0,000683983;0,043837673;5,28E-05;0,005951638;0,001336696;0,000841437;0,945368191;0,000860829;7,89E-05;0,000987773
0;123,5;54,5;0,0001;12;0,946617659;0,000206896;1,75E-06;0,034746769;0,00121628;0,005588544;0,01131383;2,20E-05;9,13E-05;0,000194964
2;123,5;54,5;0,0518;28,65;0,000132083;0,000461932;0,001136155;0,479467863;2,98E-05;0,015100445;0,0859416;0,026414278;0,391241098;7,48E-05
4;123,5;54,5;0,1036;53,2;0,012205282;0,446375808;0,092245932;0,008276357;0,222488398;0,005161287;0,183070636;0,001470587;0,000937252;0,027768461
6;123,5;54,5;0,1555;93,1;1,89E-06;0,000272497;5,39E-06;0,613957212;1,28E-05;0,000184166;0,009942863;0,060651021;0,314053816;0,000918323
8;123,5;54,5;0,2076;146;0,203609659;0,040663164;0,039785024;0,226306183;1,80E-09;1,29E-06;0,489630914;4,73E-08;3,70E-06;2,15E-08