h;x;y;Velosity_etalon;efVp;ef_Vs;ro
2;295;50,4;6,08;7,581994178;4,278667697;3,134637304
4;295;50,4;6,17;5,77012827;3,015139394;2,93481922
6;295;50,4;6,24;6,679044486;4,282337408;2,873963646
2;293,01;50,38;6,08;6,885346367;3,946065732;3,384817568
4;293,01;50,38;6,17;7,319590139;4,156510874;3,206307709
6;293,01;50,38;6,24;6,249183389;3,427797163;2,790201394
2;291,02;50,36;6,09;7,429307916;4,345059746;3,362919782
4;291,02;50,36;6,18;6,279556483;3,455064535;2,561211759
6;291,02;50,36;6,25;6,839087986;4,003596747;2,995694481
2;289,03;50,34;6,09;6,952835445;4,099757824;2,977922816
4;289,03;50,34;6,18;7,750287126;4,554547721;3,196680485
6;289,03;50,34;6,25;7,525666779;4,348375758;3,184307972
2;287,04;50,32;6,09;8,318130637;4,76854665;3,280294841
4;287,04;50,32;6,18;6,8517658;4,385451411;2,87768568
6;287,04;50,32;6,25;7,281893024;4,093244989;3,359970216
2;285,05;50,3;6,09;7,252288816;4,106776913;3,066260929
4;285,05;50,3;6,19;6,715873391;4,328299996;3,043739033
6;285,05;50,3;6,26;7,773717623;4,461275392;3,240158759
2;283,06;50,28;6,09;7,575856874;4,350020321;3,195760498
4;283,06;50,28;6,19;7,811711844;4,346447914;3,454707008
6;283,06;50,28;6,26;7,95381687;4,505281002;3,740408086
2;281,07;50,26;6,09;6,881946859;3,945772065;3,086207236
4;281,07;50,26;6,19;8,417322039;4,815432435;3,270106958
6;281,07;50,26;6,26;6,673823131;3,694564529;2,832687666
2;279,08;50,24;6,09;7,579372359;4,492290388;3,506488675
4;279,08;50,24;6,19;7,839549115;4,494973537;3,2475259
6;279,08;50,24;6,26;6,606969447;3,905591969;3,181420228
2;277,09;50,22;6,09;6,552237677;3,670788802;2,960963198
4;277,09;50,22;6,19;7,262488534;4,08064922;3,090279225
6;277,09;50,22;6,26;7,460123836;4,426459299;3,570810808
2;275,1;50,2;6,09;6,87300949;3,988632081;3,106999844
4;275,1;50,2;6,19;7,685332463;4,354225183;3,237946076
6;275,1;50,2;6,26;7,921035899;4,545527514;3,27551507
2;273,11;50,18;6,09;5,667101696;2,946786535;2,907348497
4;273,11;50,18;6,19;6,85446371;3,926578426;2,902354668
6;273,11;50,18;6,27;6,270775731;3,539961765;2,558123625
2;271,12;50,16;6,08;6,375194187;3,463212326;3,039820367
4;271,12;50,16;6,18;6,349806912;3,665451135;2,631024647
6;271,12;50,16;6,26;7,781252034;4,479492482;3,26414372
2;269,13;50,14;6,08;7,682081752;4,333309851;3,46511175
4;269,13;50,14;6,17;6,293105484;4,117146984;2,783422931
6;269,13;50,14;6,24;6,477321097;4,159709567;2,792439886
2;267,14;50,12;6,08;7,189075595;3,852529572;2,777003355
4;267,14;50,12;6,16;6,955769886;4,209560066;2,955959343
6;267,14;50,12;6,24;6,689993293;3,84459092;2,82506935
2;265,15;50,1;6,07;5,602024485;2,896739503;2,907322082
4;265,15;50,1;6,15;6,26603522;4,264874553;2,661257401
6;265,15;50,1;6,24;5,821878562;3,078314862;2,87810853
2;263,16;50,08;6,07;7,285508437;4,147256714;3,13622654
4;263,16;50,08;6,14;6,251155836;3,481752968;2,622485212
6;263,16;50,08;6,23;6,334563613;3,506161578;2,644744249
2;261,17;50,06;6,07;6,908894285;4,172683698;2,879301153
4;261,17;50,06;6,14;7,733144979;4,380596887;3,726403435
6;261,17;50,06;6,22;7,217126974;3,904990235;2,805586757
2;259,18;50,04;6,06;7,200017495;3,907729312;2,878409618
4;259,18;50,04;6,13;8,133893396;4,650065143;3,189891432
6;259,18;50,04;6,21;6,911671006;4,252704011;2,873740315
2;257,19;50,02;6,06;6,706177023;3,865182683;2,907885711
4;257,19;50,02;6,13;6,642294865;3,756271757;2,814562389
6;257,19;50,02;6,2;6,289702814;4,253641334;2,680688517
2;255,2;50;6,05;8,10103734;4,628460172;3,618545686
4;255,2;50;6,12;7,192890786;4,045494202;3,040160675
6;255,2;50;6,19;7,052044886;3,840453122;2,814385914
8;255,2;50;6,26;6,285078124;3,567574487;2,586470196
2;253,21;49,98;6,04;7,353362208;4,264001777;3,406387642
4;253,21;49,98;6,1;6,608983;3,671555316;2,747229089
6;253,21;49,98;6,17;7,399835813;4,248287875;3,214802483
8;253,21;49,98;6,24;7,389508483;4,21936446;3,199950108
2;251,22;49,96;6,03;7,798773891;4,491457953;3,283144542
4;251,22;49,96;6,09;6,852660767;3,804395517;2,85461175
6;251,22;49,96;6,15;6,671941732;3,787315405;2,946704723
8;251,22;49,96;6,22;7,81723436;4,44478857;3,129937697
2;249,23;49,94;6,03;7,52015992;4,279942038;3,076319682
4;249,23;49,94;6,08;7,422925048;4,221733714;3,135151969
6;249,23;49,94;6,13;7,53898613;4,321413268;3,231818336
8;249,23;49,94;6,19;6,672259178;4,026175839;2,74704499
10;249,23;49,94;6,27;6,560434415;4,031078069;2,91286074
2;247,24;49,92;6,03;7,899906623;4,5720234;3,6044845
4;247,24;49,92;6,07;7,835050365;4,509680254;3,270979065
6;247,24;49,92;6,13;6,145435314;3,327801419;2,909803759
8;247,24;49,92;6,18;6,736144151;3,767099454;2,856735849
10;247,24;49,92;6,24;7,054361374;3,87396164;2,80127866
2;245,25;49,9;6,02;7,113771999;4,347919501;2,979515296
4;245,25;49,9;6,07;8,611169055;4,868369642;4,095844483
6;245,25;49,9;6,12;7,127012935;3,835952348;2,763843135
8;245,25;49,9;6,16;7,378113007;4,386043125;3,513137001
10;245,25;49,9;6,22;6,667714123;3,817115849;2,77933369
2;243,26;49,88;6,01;6,958425021;4,047836872;3,136562524
4;243,26;49,88;6,06;8,327873345;4,756458823;3,831763262
6;243,26;49,88;6,1;6,874121167;3,804490486;3,022943349
8;243,26;49,88;6,15;6,260746416;3,471997736;2,664482535
10;243,26;49,88;6,2;7,210776116;4,120003476;3,179467667
2;241,27;49,86;6;7,188412325;4,180426813;3,278340959
4;241,27;49,86;6,04;7,122680203;4,010467662;3,120590154
6;241,27;49,86;6,08;6,304205184;4,189438674;2,712234405
8;241,27;49,86;6,13;6,23056018;3,467567998;2,69491536
10;241,27;49,86;6,18;8,350959868;4,764955661;3,26137524
12;241,27;49,86;6,24;6,916210108;3,986853076;3,120708806
2;239,28;49,84;6;8,116342934;4,632529767;3,222001543
4;239,28;49,84;6,04;7,62320735;4,311703605;3,128137167
6;239,28;49,84;6,08;6,959888415;3,929869878;2,995194104
8;239,28;49,84;6,13;5,92605258;3,278503059;2,90528173
10;239,28;49,84;6,17;6,933354347;4,040504667;3,084275715
12;239,28;49,84;6,22;6,877220789;3,982401318;2,935258618
2;237,29;49,82;6,01;7,701362419;4,405531652;3,142413232
4;237,29;49,82;6,1;5,773175867;3,055718694;2,811547613
6;237,29;49,82;6,11;7,24085214;4,425038901;3,087535574
8;237,29;49,82;6,13;6,577050642;3,620218965;3,045235557
10;237,29;49,82;6,17;7,774092363;4,451066538;3,14653038
12;237,29;49,82;6,21;7,118000071;4,068209788;3,112672287
2;235,3;49,8;6,07;6,589640844;3,679907574;2,835945359
4;235,3;49,8;6,18;7,244494245;4,278955086;3,10148076
6;235,3;49,8;6,24;7,431539815;4,279747327;3,498318067
8;235,3;49,8;6,24;6,455351171;4,008345507;2,786917121
10;235,3;49,8;6,27;7,040189875;3,948439369;3,08851161
12;235,3;49,8;6,29;6,359317405;3,531405979;2,682099938
2;233,31;49,78;6,07;7,235216698;4,067407087;3,04526401
4;233,31;49,78;6,18;6,796486778;4,396497061;2,856407288
6;233,31;49,78;6,24;6,04604907;3,212824021;2,844527767
8;233,31;49,78;6,26;7,237862616;4,060386128;3,056864085
10;233,31;49,78;6,27;6,295241175;3,463650697;2,59258666
12;233,31;49,78;6,29;6,975376389;3,987350934;3,028732349
2;231,32;49,76;6,07;6,396706013;3,663362335;2,801552801
4;231,32;49,76;6,19;6,918537884;4,19549639;2,966903734
6;231,32;49,76;6,25;7,23855203;4,371852207;3,084779331
8;231,32;49,76;6,27;6,685706625;4,209316627;2,836271181
10;231,32;49,76;6,27;6,598975348;3,587719779;3,024128562
12;231,32;49,76;6,29;7,282385281;4,302200239;3,473648036
2;229,33;49,74;6,08;6,587796948;4,340563059;2,905125193
4;229,33;49,74;6,2;6,511722057;3,605975005;2,688913166
6;229,33;49,74;6,24;7,571607064;4,458587487;3,512271941
8;229,33;49,74;6,26;7,651103033;4,344405316;3,158821101
10;229,33;49,74;6,26;8,308873686;4,73177659;3,842849855
12;229,33;49,74;6,29;7,214998022;4,043558581;3,069486704
2;227,34;49,72;6,08;7,376278516;4,265653845;3,245698081
4;227,34;49,72;6,2;6,43698297;3,425600425;2,871229305
6;227,34;49,72;6,24;8,311662793;4,689165407;3,949796103
8;227,34;49,72;6,26;7,829534276;4,456999316;3,202365749
10;227,34;49,72;6,26;7,530910648;4,372695793;3,289570869
12;227,34;49,72;6,29;6,93787247;3,870905695;2,877037097
2;225,35;49,7;6,08;6,366889515;3,561658035;2,59923428
4;225,35;49,7;6,2;6,655675423;3,604973112;3,004434188
6;225,35;49,7;6,24;6,927510542;3,879619031;2,970123824
8;225,35;49,7;6,24;6,691983982;4,035764491;2,840693755
10;225,35;49,7;6,26;7,265696722;4,101009904;3,040588268
12;225,35;49,7;6,29;7,593600754;4,331714425;3,091364253
2;223,36;49,68;6,09;7,225347877;4,016116832;3,093483279
4;223,36;49,68;6,21;7,463637229;4,209805578;3,09223915
6;223,36;49,68;6,24;7,256422429;4,074441279;3,085857876
8;223,36;49,68;6,26;6,999942307;4,021852517;3,215958959
10;223,36;49,68;6,26;8,287613222;4,722736289;3,29066409
12;223,36;49,68;6,29;7,708020757;4,453795238;3,293803697
2;221,37;49,66;6,09;7,710679502;4,303106551;3,055514163
4;221,37;49,66;6,21;6,587595017;4,228743742;2,81392659
6;221,37;49,66;6,23;7,534083202;4,174871879;3,005883722
8;221,37;49,66;6,25;8,010796071;4,507041512;3,712432409
10;221,37;49,66;6,27;6,5564614;3,707793376;2,873171478
12;221,37;49,66;6,29;6,764728856;3,87717975;3,153217105
2;219,38;49,64;6,09;6,649698128;3,822742787;3,230502831
4;219,38;49,64;6,22;7,312393565;4,358820298;3,494576395
6;219,38;49,64;6,24;7,35951878;4,248414706;3,47245613
8;219,38;49,64;6,26;6,918216498;4,015350417;3,060771092
10;219,38;49,64;6,27;8,028226941;4,643890894;3,324053629
12;219,38;49,64;6,29;7,339128493;4,21745912;3,194138436
2;217,39;49,62;6,1;7,396928871;4,385903002;3,487621332
4;217,39;49,62;6,23;6,95172698;3,861580354;2,847148387
6;217,39;49,62;6,23;7,337049798;4,207812017;3,278908584
8;217,39;49,62;6,25;7,578584157;4,326527;3,19938812
10;217,39;49,62;6,27;6,595175731;3,671453201;2,8188218
12;217,39;49,62;6,29;6,259244938;3,616763242;2,63101458
2;215,4;49,6;6,1;6,554334225;3,615056015;2,877547414
4;215,4;49,6;6,23;7,055697472;4,381112711;3,233161233
6;215,4;49,6;6,23;7,191911105;4,231661943;3,452245962
8;215,4;49,6;6,25;6,341386047;3,406546482;2,989958016
10;215,4;49,6;6,27;6,759157083;3,737552327;2,811714362
12;215,4;49,6;6,29;7,102026855;4,008253573;2,99608321
2;213,41;49,58;6,1;7,535042476;4,217465622;3,565638143
4;213,41;49,58;6,24;6,488844462;4,228834317;2,802302782
6;213,41;49,58;6,24;8,187788018;4,748220195;3,905431972
8;213,41;49,58;6,25;6,849684709;4,137524458;2,97039265
10;213,41;49,58;6,27;7,07875794;3,829875817;2,784871116
12;213,41;49,58;6,29;6,647904354;3,761958321;2,779303638
2;211,42;49,56;6,1;8,17166323;4,690520112;3,871790512
4;211,42;49,56;6,23;7,365114683;4,201455941;3,144774024
6;211,42;49,56;6,23;6,77191278;3,725772091;3,055399184
8;211,42;49,56;6,25;7,698031041;4,503822492;3,320757887
10;211,42;49,56;6,27;7,196565978;4,024855662;3,03732368
12;211,42;49,56;6,29;6,784043733;4,296143952;2,955929378
2;209,43;49,54;6,1;6,70701396;3,787286178;2,79175188
4;209,43;49,54;6,23;7,263719511;4,062850452;3,032840457
6;209,43;49,54;6,23;7,831784281;4,538969064;3,715358108
8;209,43;49,54;6,25;7,172218617;4,062028051;2,958010346
10;209,43;49,54;6,27;7,322623631;4,210878324;3,258123719
12;209,43;49,54;6,29;7,186386509;4,021855314;3,053329002
2;207,44;49,52;6,1;8,122086272;4,631578075;3,255491522
4;207,44;49,52;6,24;8,064517761;4,735728297;3,187102693
6;207,44;49,52;6,24;6,61292533;3,751839414;2,822655535
8;207,44;49,52;6,26;5,907013237;3,303945626;2,896258748
10;207,44;49,52;6,26;6,057487935;3,698283577;2,807852037
12;207,44;49,52;6,28;5,916217372;3,10339416;2,895792296
2;205,45;49,5;6,1;8,150562221;4,689969558;3,875492437
4;205,45;49,5;6,25;7,315552685;4,114000354;3,26000549
6;205,45;49,5;6,25;7,594818879;4,379095172;3,238098954
8;205,45;49,5;6,27;6,871146317;3,785826164;3,102828052
10;205,45;49,5;6,27;6,279225633;3,460959356;2,601810387
12;205,45;49,5;6,29;7,448858036;4,43092854;3,530160756
2;203,46;49,48;6,1;7,120157359;4,338130642;3,310474981
4;203,46;49,48;6,26;7,52535342;4,344556443;3,165350015
6;203,46;49,48;6,26;7,669920659;4,290644116;3,73268587
8;203,46;49,48;6,28;6,872833295;3,692715922;2,825389728
10;203,46;49,48;6,28;6,22076997;3,942588583;2,779474077
12;203,46;49,48;6,29;7,163432753;4,242656331;3,028083056
2;201,47;49,46;6,1;8,406750983;4,811293079;3,26713113
4;201,47;49,46;6,25;6,869235803;4,023387408;3,109064539
6;201,47;49,46;6,25;7,372946508;4,17291121;3,11689607
8;201,47;49,46;6,27;7,213981299;4,089735299;3,173005848
10;201,47;49,46;6,28;7,264727999;4,057974796;3,155261046
12;201,47;49,46;6,28;6,353936279;3,47465078;2,812904969
2;199,48;49,44;6,1;6,764174955;3,675432589;2,988798694
4;199,48;49,44;6,24;5,94290443;3,143878351;2,989505887
6;199,48;49,44;6,24;7,42707612;4,362305707;3,018636387
8;199,48;49,44;6,26;8,392637091;4,731783877;4,027763673
10;199,48;49,44;6,28;6,829454733;3,80847082;2,799085566
12;199,48;49,44;6,28;7,30863674;4,104778858;3,083863936
2;197,49;49,42;6,09;7,932956983;4,591020322;3,170168672
4;197,49;49,42;6,23;7,288728753;4,147713182;3,17327514
6;197,49;49,42;6,24;7,027692805;4,098001689;2,881750242
8;197,49;49,42;6,26;6,221182643;3,388154878;3,080211649
10;197,49;49,42;6,26;7,861599418;4,508719437;3,353764769
12;197,49;49,42;6,29;7,156744352;4,125722142;3,110763871
2;195,5;49,4;6,08;5,73305877;3,232561774;2,851213111
4;195,5;49,4;6,22;7,243752181;4,131092935;3,08043423
6;195,5;49,4;6,24;8,311580655;4,720216356;3,686436097
8;195,5;49,4;6,26;7,101497474;4,431945869;3,100254508
10;195,5;49,4;6,26;6,835642913;3,813706092;2,807234064
12;195,5;49,4;6,28;7,77948561;4,4815732;3,295469452
2;193,51;49,38;6,07;6,918930341;3,955036302;2,891181661
4;193,51;49,38;6,22;7,56118153;4,490876869;3,570727813
6;193,51;49,38;6,23;5,993960502;3,330946153;2,853152279
8;193,51;49,38;6,25;6,31762436;3,536947439;2,637268589
10;193,51;49,38;6,27;6,405174223;4,233772999;2,73955607
12;193,51;49,38;6,29;6,162816656;3,823625717;2,621576006
2;191,52;49,36;6,06;7,384752702;4,321512226;3,411688696
4;191,52;49,36;6,22;5,696484519;2,977245117;2,874611881
6;191,52;49,36;6,24;7,045428507;3,848512934;2,821622426
8;191,52;49,36;6,26;6,782863611;3,730359423;2,986716277
10;191,52;49,36;6,26;6,309018283;3,515786864;3,190641861
12;191,52;49,36;6,28;7,048905278;3,890514617;2,800562238
2;189,53;49,34;6,05;7,373865591;4,101351109;2,951519121
4;189,53;49,34;6,21;8,048364895;4,604924441;3,764524815
6;189,53;49,34;6,23;7,374775328;4,30586412;3,385038671
8;189,53;49,34;6,25;6,829120534;3,699950701;2,87895156
10;189,53;49,34;6,27;7,558044759;4,451907914;3,194051802
12;189,53;49,34;6,29;6,970911544;3,888663983;2,925414472
2;187,54;49,32;6,04;5,778299342;3,014754733;2,978741707
4;187,54;49,32;6,21;6,270770217;3,667188109;2,6130899
6;187,54;49,32;6,23;6,966379921;3,956841684;3,059426262
8;187,54;49,32;6,25;6,945646346;3,918042585;2,923214426
10;187,54;49,32;6,27;7,101232653;4,154570404;3,296028633
12;187,54;49,32;6,29;6,660567796;3,924590986;2,798335568
2;185,55;49,3;6,03;7,52818123;4,286834288;3,23861179
4;185,55;49,3;6,21;6,661587427;3,70876924;2,738853757
6;185,55;49,3;6,25;7,233454324;3,988815857;2,982070256
8;185,55;49,3;6,27;7,866184916;4,628590568;3,759678234
10;185,55;49,3;6,3;6,867613839;4,106607605;3,019254234
12;185,55;49,3;6,34;7,342505852;4,266284467;3,34247831
14;185,55;49,3;6,36;6,533430783;4,140738613;2,801060827
16;185,55;49,3;6,38;7,039607183;3,832926553;2,783545409
2;183,56;49,28;6,02;6,790554108;3,861667321;2,851812546
4;183,56;49,28;6,2;8,545040094;4,833896266;4,023522949
6;183,56;49,28;6,24;6,907134553;3,856151359;3,109819995
8;183,56;49,28;6,26;7,047338596;3,979325098;2,964330872
10;183,56;49,28;6,28;6,443712427;3,485602482;3,31548924
12;183,56;49,28;6,3;6,842660865;3,885056572;2,802642213
14;183,56;49,28;6,32;6,080990341;3,610976762;2,974257669
16;183,56;49,28;6,35;6,346767811;3,46597225;2,784417851
2;181,57;49,26;6;7,895747731;4,483404133;3,227817397
4;181,57;49,26;6,15;6,28497252;4,21696505;2,669510883
6;181,57;49,26;6,24;6,741294076;4,05507769;2,823292319
8;181,57;49,26;6,26;6,335997951;3,576028991;2,619154457
10;181,57;49,26;6,28;8,466265195;4,779364529;4,025049597
12;181,57;49,26;6,3;6,498464486;3,697620258;2,742348076
14;181,57;49,26;6,32;5,722805047;2,988985139;2,900674426
16;181,57;49,26;6,35;5,93718285;3,133444234;2,910407476
2;179,58;49,24;5,98;8,262420261;4,736037138;3,256980311
4;179,58;49,24;6,11;7,337044257;4,209692325;3,29470247
6;179,58;49,24;6,23;7,704928786;4,523268365;3,357732425
8;179,58;49,24;6,25;6,701676233;4,060031638;3,139986892
10;179,58;49,24;6,27;6,55673827;3,649907926;2,743686682
12;179,58;49,24;6,29;7,414848735;4,398336037;3,494133424
14;179,58;49,24;6,3;6,603471058;3,70913119;2,766972508
16;179,58;49,24;6,35;7,629465708;4,436617046;3,354924183
2;177,59;49,22;5,97;6,627928161;4,218362272;2,872531279
4;177,59;49,22;6,08;7,834445136;4,473653574;3,210842571
6;177,59;49,22;6,2;7,489619542;4,46659082;3,54870548
8;177,59;49,22;6,25;7,931772422;4,498133649;3,666209457
10;177,59;49,22;6,29;6,781547963;3,789121487;2,976529747
12;177,59;49,22;6,3;8,369552352;4,760530102;3,896343504
14;177,59;49,22;6,34;7,438968335;4,124445171;3,440264138
16;177,59;49,22;6,38;5,868731288;3,095329976;2,92088991
2;175,6;49,2;5,95;6,76233167;4,398841098;2,835908747
4;175,6;49,2;6,05;6,420864524;3,789671209;2,798370819
6;175,6;49,2;6,15;7,365805333;4,537323775;3,473353829
8;175,6;49,2;6,22;6,394199335;4,030114314;2,828194378
10;175,6;49,2;6,25;8,062279518;4,5557872;3,823523796
12;175,6;49,2;6,27;7,294461189;4,163827235;3,202903751
14;175,6;49,2;6,3;7,008791702;4,215964034;3,271230283
16;175,6;49,2;6,32;7,196576414;4,370973594;3,068864584
2;173,61;49,18;5,94;8,344707207;4,776787124;3,260360606
4;173,61;49,18;6,03;7,243537174;4,197884224;3,233325453
6;173,61;49,18;6,12;8,307229778;4,749256827;3,239965057
8;173,61;49,18;6,2;7,340156735;4,45124107;3,462451915
10;173,61;49,18;6,25;6,243389921;3,425981458;2,566690645
12;173,61;49,18;6,29;6,475077787;4,212619733;2,796337892
14;173,61;49,18;6,3;8,228589528;4,692660411;3,246226217
16;173,61;49,18;6,35;6,23186831;4,165428571;2,718790544
2;171,62;49,16;5,93;6,280580007;3,462359033;2,579047616
4;171,62;49,16;6,01;7,348683139;4,06053282;3,126018374
6;171,62;49,16;6,09;7,793243801;4,478144436;3,265234167
8;171,62;49,16;6,17;7,351543225;4,175713694;3,039836312
10;171,62;49,16;6,23;6,985448189;3,943949513;3,408576443
12;171,62;49,16;6,27;5,697801201;2,965685469;2,943878559
14;171,62;49,16;6,3;6,870708053;3,862187085;2,95388582
16;171,62;49,16;6,35;6,437844304;3,554929115;3,080797789
2;169,63;49,14;5,93;7,459552049;4,424298587;3,390639237
4;169,63;49,14;6;6,286438623;3,551628378;2,630213269
6;169,63;49,14;6,08;7,290699709;4,477239711;3,148831755
8;169,63;49,14;6,14;7,299230908;4,149030745;3,025349443
10;169,63;49,14;6,22;7,724005579;4,349114449;3,648269295
12;169,63;49,14;6,27;6,442016541;3,655483287;2,846248943
14;169,63;49,14;6,3;6,822117593;3,809526809;2,873319344
16;169,63;49,14;6,35;7,13531937;3,866269994;2,813289475
2;167,64;49,12;5,93;7,264611274;4,070442115;3,020226215
4;167,64;49,12;5,99;8,098565033;4,596136622;3,307313103
6;167,64;49,12;6,06;6,601502614;3,802015739;2,896385258
8;167,64;49,12;6,12;6,589438198;3,645437222;2,980688474
10;167,64;49,12;6,19;6,429614748;3,69326406;2,69231747
12;167,64;49,12;6,24;7,11948318;4,185584142;3,341787547
14;167,64;49,12;6,28;6,402262372;4,198016579;2,776418558
16;167,64;49,12;6,32;5,833870853;3,089742152;2,886196883
2;165,65;49,1;5,91;6,730050906;4,046876331;3,085483019
4;165,65;49,1;5,97;7,281331075;4,389826721;3,031128765
6;165,65;49,1;6,03;6,515469296;3,94023958;2,75019337
8;165,65;49,1;6,09;7,226231323;4,06051361;2,987276022
10;165,65;49,1;6,16;6,631255399;4,01020888;3,024403704
12;165,65;49,1;6,22;6,540847205;3,622752153;2,827571463
14;165,65;49,1;6,24;6,293520726;4,163488696;2,781730455
16;165,65;49,1;6,3;7,116482388;4,059887128;3,133742992
2;163,66;49,08;5,88;5,63711311;2,923676196;2,920949763
4;163,66;49,08;5,94;7,218495902;4,375126849;3,324804317
6;163,66;49,08;6;6,684400541;3,780107632;2,904076624
8;163,66;49,08;6,07;6,452853356;3,561827825;2,783285147
10;163,66;49,08;6,13;6,330215349;4,139745279;2,699752824
12;163,66;49,08;6,18;6,151509217;3,283936832;3,164460787
14;163,66;49,08;6,25;8,283280251;4,719436136;3,993129892
16;163,66;49,08;6,3;6,261084759;3,416070166;2,762740284
2;161,67;49,06;5,83;7,815253147;4,493236209;3,272710249
4;161,67;49,06;5,93;7,376997764;4,237990769;3,079435722
6;161,67;49,06;5,98;6,889012589;4,240895126;2,963305422
8;161,67;49,06;6,05;7,486245954;4,184880376;3,275512225
10;161,67;49,06;6,12;6,259000927;3,449359433;2,853947563
12;161,67;49,06;6,18;7,124892912;3,842200975;2,777016747
14;161,67;49,06;6,25;6,318928419;3,563517386;2,630184909
16;161,67;49,06;6,3;6,174339977;4,133784669;2,699253395
2;159,68;49,04;5,83;7,494217956;4,45655216;3,543926294
4;159,68;49,04;5,93;5,719649855;2,997881448;2,859282474
6;159,68;49,04;5,99;6,479260568;4,281057168;2,765214055
8;159,68;49,04;6,05;7,377086155;4,175698022;3,129993526
10;159,68;49,04;6,1;7,762688546;4,424148264;3,170888725
12;159,68;49,04;6,17;6,160863924;3,370074081;2,910371491
14;159,68;49,04;6,2;7,823005811;4,370272685;3,69022668
16;159,68;49,04;6,29;7,503781392;4,322520136;3,143326487
2;157,69;49,02;5,89;7,01095157;3,91196067;3,025158896
4;157,69;49,02;5,95;7,258288569;4,103616182;3,187341981
6;157,69;49,02;6,01;8,015053893;4,593955001;3,258807337
8;157,69;49,02;6,06;7,52403237;4,217039038;3,166436496
10;157,69;49,02;6,12;6,962752408;3,999877037;3,113573655
12;157,69;49,02;6,18;6,84461425;3,75183884;2,731242455
14;157,69;49,02;6,25;6,493150216;4,244187654;2,932853472
16;157,69;49,02;6,3;7,388524606;4,364961882;3,44816599
2;155,7;49;5,93;7,485685063;4,25974007;3,124377052
4;155,7;49;6;6,368518193;4,273941861;2,765149713
6;155,7;49;6,05;6,135893548;3,380142536;2,92465255
8;155,7;49;6,1;6,325971735;3,554438504;2,57793941
10;155,7;49;6,17;7,129202808;4,05401117;3,232954729
12;155,7;49;6,21;6,527660096;3,689786469;2,668501726
14;155,7;49;6,25;7,093840583;3,988635088;3,033037535
16;155,7;49;6,3;7,186451687;4,163882154;3,14529877
2;153,71;48,98;5,95;6,278754434;3,554271445;2,568388423
4;153,71;48,98;6,01;7,159031357;4,184339941;3,345424666
6;153,71;48,98;6,06;7,546959707;4,343211831;3,382355335
8;153,71;48,98;6,11;7,053728104;3,959459561;2,97091821
10;153,71;48,98;6,17;5,960397839;3,154114871;3,031641937
12;153,71;48,98;6,22;5,949374655;3,198846065;2,741767826
14;153,71;48,98;6,25;6,614982188;3,710220072;2,856022661
16;153,71;48,98;6,3;7,57323746;4,403215083;3,316293687
2;151,72;48,96;5,95;6,465266724;3,662645374;2,63724758
4;151,72;48,96;6,01;6,117362547;3,549389009;2,870398548
6;151,72;48,96;6,06;6,430981134;4,098555044;2,860044064
8;151,72;48,96;6,11;6,846772522;4,373411486;2,872180544
10;151,72;48,96;6,18;6,730844732;3,799468278;2,812365417
12;151,72;48,96;6,22;6,696549955;3,866157507;2,856148282
14;151,72;48,96;6,25;6,68190839;3,687657136;2,877967287
16;151,72;48,96;6,3;7,225142518;4,045675017;3,036844918
2;149,73;48,94;5,95;6,410291289;3,722972771;2,654908358
4;149,73;48,94;6,01;7,793019209;4,471731295;3,245002617
6;149,73;48,94;6,06;7,516473527;4,39090683;3,570025806
8;149,73;48,94;6,11;6,892674133;3,788098409;2,779995228
10;149,73;48,94;6,19;7,535481036;4,2892407;3,12679398
12;149,73;48,94;6,23;7,832036164;4,504824871;3,554035949
14;149,73;48,94;6,25;5,940281943;3,411827295;2,846659808
16;149,73;48,94;6,3;6,148517051;3,880257939;2,65850734
2;147,74;48,92;5,95;7,678211578;4,530552863;3,496817483
4;147,74;48,92;6,01;6,659347955;3,835131562;2,736124194
6;147,74;48,92;6,06;6,880963183;4,044426302;2,8921317
8;147,74;48,92;6,12;7,206004268;4,093320884;3,102419102
10;147,74;48,92;6,19;6,704329192;3,748017093;2,835117123
12;147,74;48,92;6,24;6,244440385;3,424305657;2,742961021
14;147,74;48,92;6,28;7,113459318;3,850987343;2,811493474
16;147,74;48,92;6,32;6,939715426;3,876872592;3,109533692
2;145,75;48,9;5,96;8,295013266;4,750758237;3,25714372
4;145,75;48,9;6,02;6,022313083;3,259024135;3,086545364
6;145,75;48,9;6,07;7,150391613;3,982708032;2,967631653
8;145,75;48,9;6,13;7,194898284;4,131094701;3,129263373
10;145,75;48,9;6,2;6,44146216;3,634856374;2,817548994
12;145,75;48,9;6,25;6,276385324;3,445923751;2,582262168
14;145,75;48,9;6,29;6,17566911;4,158943467;2,680688552
16;145,75;48,9;6,32;7,515822435;4,337132756;3,555128155
2;143,76;48,88;5,97;6,354776163;3,510574322;3,039536301
4;143,76;48,88;6,03;7,37786064;4,235795176;3,315222459
6;143,76;48,88;6,08;7,582944129;4,448624556;3,5928416
8;143,76;48,88;6,15;8,100433957;4,607053954;3,80353169
10;143,76;48,88;6,21;6,247673158;3,450520739;2,571793298
12;143,76;48,88;6,25;6,267990835;4,109526464;2,744776991
14;143,76;48,88;6,29;6,171939141;4,1477013;2,679330743
16;143,76;48,88;6,34;6,068084011;3,988404632;2,711259706
2;141,77;48,86;5,97;6,524436345;3,612430657;3,118334355
4;141,77;48,86;6,04;6,790987724;3,772499134;3,120366117
6;141,77;48,86;6,1;7,739700359;4,387693852;3,241752137
8;141,77;48,86;6,17;7,312009293;4,119626407;3,290749615
10;141,77;48,86;6,23;7,327781789;4,356741749;3,499555807
12;141,77;48,86;6,26;7,260862175;4,362442944;3,368176202
2;139,78;48,84;5,97;6,228110157;3,451392196;2,756088054
4;139,78;48,84;6,03;6,291621033;3,606896196;2,616621736
6;139,78;48,84;6,1;7,615916523;4,361888997;3,543810166
8;139,78;48,84;6,18;6,911449625;3,890456409;3,165441519
10;139,78;48,84;6,24;7,212929611;4,035203878;3,076450228
12;139,78;48,84;6,28;6,939865048;3,845771161;2,901363754
2;137,79;48,82;5,97;7,569502047;4,498281819;3,600352203
4;137,79;48,82;6,04;6,987294388;3,951174235;2,975443096
6;137,79;48,82;6,11;7,204291492;4,293802565;3,119734736
8;137,79;48,82;6,19;7,709690476;4,446869392;3,617763532
10;137,79;48,82;6,26;6,379450956;3,870875776;2,71544291
12;137,79;48,82;6,29;7,232815438;4,205000319;3,334770534
2;135,8;48,8;5,98;7,847821116;4,572221083;3,679974805
4;135,8;48,8;6,05;6,159025987;3,528785187;2,829004694
6;135,8;48,8;6,11;7,366181174;4,172634768;3,259737063
8;135,8;48,8;6,2;7,768456804;4,390095684;3,533176346
10;135,8;48,8;6,25;7,279984724;4,262588851;3,45096118
12;135,8;48,8;6,29;7,145288441;3,975072068;2,900892286
2;133,81;48,78;5,98;6,799615178;3,8966573;3,262306397
4;133,81;48,78;6,06;7,326014959;4,335824088;3,029044963
6;133,81;48,78;6,12;7,423867169;4,252694056;3,312728133
8;133,81;48,78;6,2;7,566622496;4,433697793;3,584279179
10;133,81;48,78;6,25;7,365410548;4,166412784;2,971751102
12;133,81;48,78;6,29;7,160579905;4,035742591;3,120297673
2;131,82;48,76;5,99;7,231333738;4,06216685;3,037623052
4;131,82;48,76;6,06;6,467063183;4,165288741;2,812802226
6;131,82;48,76;6,13;6,567860616;3,871275005;2,79950775
8;131,82;48,76;6,21;7,502748419;4,378030891;3,54870324
10;131,82;48,76;6,25;6,241263691;3,426245182;2,565211757
12;131,82;48,76;6,27;6,971909022;4,043173197;2,998354784
2;129,83;48,74;5,99;6,258428357;4,035762397;2,667294969
4;129,83;48,74;6,07;6,676759799;4,222841892;2,966254855
6;129,83;48,74;6,14;7,568833082;4,289712481;3,519852692
8;129,83;48,74;6,22;7,263141324;4,070670672;3,095686759
10;129,83;48,74;6,26;7,106248823;3,98392809;2,964091707
12;129,83;48,74;6,29;7,243558494;4,390941337;3,144642543
2;127,84;48,72;5,99;6,891308456;3,828281146;3,013433079
4;127,84;48,72;6,07;6,837030248;3,930989098;3,044094451
6;127,84;48,72;6,15;7,033058783;3,945859417;3,100204511
8;127,84;48,72;6,23;7,262795227;4,323739961;3,020674036
10;127,84;48,72;6,25;7,63293435;4,511788171;3,091784979
12;127,84;48,72;6,28;8,255417966;4,704694395;3,24577611
2;125,85;48,7;5,99;6,646336032;3,737824204;2,927643415
4;125,85;48,7;6,08;7,375255726;4,160424338;3,242931849
6;125,85;48,7;6,16;7,358335476;4,238119801;3,092032556
8;125,85;48,7;6,24;6,169862311;3,700400757;2,596580302
10;125,85;48,7;6,26;6,652310248;4,272099257;3,060117844
12;125,85;48,7;6,28;7,983575748;4,571341484;3,481335495
2;123,86;48,68;6;7,777766479;4,523815269;3,274105857
4;123,86;48,68;6,09;7,947800207;4,499730141;3,488601867
6;123,86;48,68;6,18;7,036085513;4,000748686;2,968855629
8;123,86;48,68;6,25;8,108524963;4,599193817;3,550039184
10;123,86;48,68;6,27;7,510748612;4,414858536;3,514731757
12;123,86;48,68;6,29;6,999482048;4,353457008;3,239361242
2;121,87;48,66;6;6,262683569;3,457993195;2,550844087
4;121,87;48,66;6,09;7,223915775;4,010431193;3,019259578
6;121,87;48,66;6,19;6,970092442;3,925738528;2,932736419
8;121,87;48,66;6,25;6,484816234;4,271915541;2,776195626
10;121,87;48,66;6,27;6,254967209;4,16365145;2,718919883
12;121,87;48,66;6,29;6,397680872;3,625780196;2,667206022
2;119,88;48,64;6;6,399742497;3,569549158;3,248879715
4;119,88;48,64;6,1;6,077867908;3,351624567;2,669153035
6;119,88;48,64;6,19;6,412587393;3,532006087;2,639075807
8;119,88;48,64;6,26;6,24629246;3,940405943;2,676125042
10;119,88;48,64;6,27;7,644416774;4,446285391;3,369496435
12;119,88;48,64;6,28;7,180679918;3,893050073;2,814330765
2;117,89;48,62;6;7,197498384;3,904393375;2,857476629
4;117,89;48,62;6,1;7,715611637;4,452014823;3,25215464
6;117,89;48,62;6,2;6,677881048;3,720052308;2,957418851
8;117,89;48,62;6,24;7,752873349;4,396073412;3,143543482
10;117,89;48,62;6,27;8,19852841;4,658711599;3,823065992
12;117,89;48,62;6,28;7,857500927;4,519527881;3,291716937
2;115,9;48,6;6,01;7,245546662;4,098280158;2,918292688
4;115,9;48,6;6,1;6,579099669;4,345910224;2,781371572
6;115,9;48,6;6,22;6,402945128;3,514829591;2,894060482
8;115,9;48,6;6,24;6,254084375;3,533114299;2,562492768
10;115,9;48,6;6,26;8,277962274;4,690967289;3,719392471
12;115,9;48,6;6,28;7,96322583;4,533059147;3,623336177
2;113,91;48,58;6,01;6,417301548;3,629156114;2,838123449
4;113,91;48,58;6,12;6,914769004;3,845199371;3,031949041
6;113,91;48,58;6,23;6,211062298;3,905748252;2,624228622
8;113,91;48,58;6,24;7,450096949;4,445817976;3,574969017
10;113,91;48,58;6,26;6,577182666;4,012938773;2,834082941
12;113,91;48,58;6,29;6,707308698;3,65831231;2,955555569
2;111,92;48,56;6,01;8,241704358;4,74652096;3,617986644
4;111,92;48,56;6,12;6,368267728;3,931277576;2,703139199
6;111,92;48,56;6,24;6,020889183;3,273374941;3,024899364
8;111,92;48,56;6,24;7,147948624;3,842389598;2,770460396
10;111,92;48,56;6,27;8,328673971;4,705687411;3,965049897
12;111,92;48,56;6,28;6,756131201;3,832372639;3,036515468
2;109,93;48,54;6,02;6,271723845;3,884761806;2,737540755
4;109,93;48,54;6,14;7,040900349;3,996361127;3,040643295
6;109,93;48,54;6,25;5,961516053;3,159794314;3,085483073
8;109,93;48,54;6,25;7,372780657;4,102121788;3,323383897
10;109,93;48,54;6,26;8,008088202;4,594326395;3,278604309
12;109,93;48,54;6,28;6,866183708;4,032395116;2,839891427
2;107,94;48,52;6,03;7,253176975;4,080557317;3,04742713
4;107,94;48,52;6,15;6,616552664;3,692421528;2,980915226
6;107,94;48,52;6,26;6,445373144;4,205869036;2,736429619
8;107,94;48,52;6,27;7,461276751;4,352057697;3,337859713
10;107,94;48,52;6,28;7,506112112;4,279076248;3,193887331
12;107,94;48,52;6,28;7,517839624;4,453066479;3,168475557
2;105,95;48,5;6,04;7,718290905;4,361028767;3,50197634
4;105,95;48,5;6,17;7,906450855;4,495554269;3,196117993
6;105,95;48,5;6,24;7,283549138;3,954810604;2,958476686
8;105,95;48,5;6,26;6,013985213;3,225237123;2,772927465
10;105,95;48,5;6,28;7,192648741;4,019579314;3,036186624
12;105,95;48,5;6,29;7,342730309;4,188264582;3,21540178
2;103,96;48,48;6,05;7,536731283;4,335746507;3,168610747
4;103,96;48,48;6,19;6,041928289;3,298226163;2,760708016
6;103,96;48,48;6,24;7,455360846;4,437608911;3,565156037
8;103,96;48,48;6,25;7,748675098;4,580573108;3,555792137
10;103,96;48,48;6,26;7,109007746;3,879279043;2,853258066
12;103,96;48,48;6,28;7,09176448;3,996911698;2,87890077
2;101,97;48,46;6,07;6,536482096;3,659745751;2,808944438
4;101,97;48,46;6,2;6,592859745;3,727180546;2,719180689
2;99,98;48,44;6,07;6,860854729;3,797734417;2,99523255
4;99,98;48,44;6,19;5,956185025;3,169480124;2,838349492
6;99,98;48,44;6,21;7,187100964;4,04839032;3,03322106
8;99,98;48,44;6,24;6,886388923;3,837427428;2,840489013
10;99,98;48,44;6,25;7,861697976;4,586135383;3,343938128
12;99,98;48,44;6,26;7,169773861;3,978012014;2,986639372
14;99,98;48,44;6,28;6,273321874;3,449691314;2,590570742
16;99,98;48,44;6,29;7,233615434;4,300184328;3,424063432
2;97,99;48,42;6,07;6,387832391;3,5770956;2,601371176
4;97,99;48,42;6,19;7,189356087;3,858947596;2,791291862
6;97,99;48,42;6,21;7,227585154;4,144926562;3,072462117
8;97,99;48,42;6,24;6,817901997;3,862404738;2,754172934
10;97,99;48,42;6,25;8,275289447;4,708558863;3,744126512
12;97,99;48,42;6,26;6,903414086;3,771924387;2,804801624
14;97,99;48,42;6,27;6,566838582;3,628544343;2,761549409
16;97,99;48,42;6,28;7,79403513;4,475790605;3,325271239
2;96;48,4;6,06;7,92982788;4,464715133;3,203483031
4;96;48,4;6,18;8,178572323;4,615131349;3,913580472
6;96;48,4;6,2;6,523546152;4,180636985;2,909156862
8;96;48,4;6,23;8,329429374;4,766250564;3,284491688
10;96;48,4;6,24;7,109281679;4,01496913;2,926727337
12;96;48,4;6,25;5,831329127;3,105564446;3,01458809
14;96;48,4;6,27;7,675356728;4,490540991;3,125755003
16;96;48,4;6,29;6,208519751;4,143073697;2,713950651
2;94,01;48,38;6,05;7,485459223;4,242910023;3,399719384
4;94,01;48,38;6,17;6,518804558;4,090222273;2,774582891
6;94,01;48,38;6,2;7,220153851;4,050282824;3,044463529
8;94,01;48,38;6,22;6,16864357;3,571127952;2,902946745
10;94,01;48,38;6,24;6,377620863;3,520845049;3,015448088
12;94,01;48,38;6,26;7,005491116;3,874768809;2,878732756
14;94,01;48,38;6,28;8,341516237;4,707476164;3,950737187
16;94,01;48,38;6,28;7,949035163;4,478070611;3,13487263
2;92,02;48,36;6,05;5,998613368;3,247128565;2,809483325
4;92,02;48,36;6,16;6,952106136;3,84269329;2,892424854
6;92,02;48,36;6,26;7,148694915;3,892340644;2,840151327
2;90,03;48,34;6,05;7,464403821;4,44981221;3,164995442
4;90,03;48,34;6,16;6,511627167;3,953129417;2,752964347
6;90,03;48,34;6,2;5,70611871;2,978920255;2,882688783
8;90,03;48,34;6,21;7,649726584;4,288230236;3,131043579
10;90,03;48,34;6,24;6,279739213;4,214510499;2,715862123
12;90,03;48,34;6,26;7,536525708;4,338817907;3,276457616
14;90,03;48,34;6,27;7,316895445;4,333996495;3,491994819
16;90,03;48,34;6,28;6,409428525;3,765325188;2,851496984
2;88,04;48,32;6,05;6,9911368;3,978399731;3,248424364
4;88,04;48,32;6,15;7,397885497;4,531104285;3,149104747
6;88,04;48,32;6,2;6,587728483;3,533065523;2,932712208
8;88,04;48,32;6,23;7,438063333;4,162770265;3,020774488
10;88,04;48,32;6,24;7,295428147;4,180337017;3,048919341
12;88,04;48,32;6,25;6,367729176;3,498330059;2,828782873
14;88,04;48,32;6,28;6,514073106;3,674181606;2,852950563
16;88,04;48,32;6,29;7,095991489;3,870224977;2,835553463
2;86,05;48,3;6,04;7,199613126;4,074274993;3,153562853
4;86,05;48,3;6,15;6,585211264;3,64699295;3,149224754
6;86,05;48,3;6,24;7,129201391;4,090569642;3,210184671
2;84,06;48,28;6,04;6,858235246;3,892825314;3,362199788
4;84,06;48,28;6,14;6,363463043;4,214402074;2,711498282
6;84,06;48,28;6,23;7,009345791;3,972108125;3,155565758
2;82,07;48,26;6,04;7,479451735;4,39047049;3,43920034
4;82,07;48,26;6,13;7,105059328;4,083288478;3,10433055
6;82,07;48,26;6,23;7,191349788;4,171387777;3,217174375
2;80,08;48,24;6,03;7,0967932;4,214390272;3,1956765
4;80,08;48,24;6,13;6,015289478;3,194867994;2,919488638
6;80,08;48,24;6,22;7,696186993;4,357315585;3,155480644
2;78,09;48,22;6,03;7,096914416;4,143704386;3,091871844
4;78,09;48,22;6,13;7,219699823;3,908722375;2,82852935
6;78,09;48,22;6,22;6,293475427;3,539716984;2,624494403
2;76,1;48,2;6,03;7,219476682;4,083649917;3,054376573
4;76,1;48,2;6,13;7,658456039;4,379341895;3,07365729
6;76,1;48,2;6,22;7,460906116;4,218169166;3,404387272
2;74,11;48,18;6,03;6,8796014;3,936256592;3,039861931
4;74,11;48,18;6,12;7,460574282;4,420965615;3,536581041
6;74,11;48,18;6,2;5,947299601;3,179054769;2,716597375
2;72,12;48,16;6,03;6,805773772;3,894594883;2,974857676
4;72,12;48,16;6,12;5,811455791;3,09377845;2,832422293
6;72,12;48,16;6,2;7,382756153;4,202569798;3,137144077
2;70,13;48,14;6,03;6,131441338;3,28632637;3,120329495
4;70,13;48,14;6,11;7,258576643;4,223752828;3,404390541
6;70,13;48,14;6,2;7,304350657;4,216368396;3,349188361
2;68,14;48,12;6,03;5,599737989;2,893479243;2,906812235
4;68,14;48,12;6,11;5,955480979;3,186648144;2,98107845
6;68,14;48,12;6,19;7,5180075;4,305023364;3,109744857
8;68,14;48,12;6,27;7,239386523;4,277902319;3,055912918
2;66,15;48,1;6,03;6,267580608;3,443395849;2,605708692
4;66,15;48,1;6,11;7,220811718;4,072963994;3,185586493
6;66,15;48,1;6,19;7,39249608;4,348289776;3,410563203
8;66,15;48,1;6,27;7,670716765;4,400585445;3,191380826
2;64,16;48,08;6,03;8,158644582;4,610304233;3,790810408
4;64,16;48,08;6,1;8,072483573;4,583611783;3,717565984
6;64,16;48,08;6,18;7,80505931;4,507382779;3,264578677
8;64,16;48,08;6,26;7,199540981;4,424453223;3,349225508
2;62,17;48,06;6,02;7,472657375;4,435091745;3,193600966
4;62,17;48,06;6,1;8,367317601;4,743107805;3,971845614
6;62,17;48,06;6,18;6,342531195;3,516170473;2,611424178
8;62,17;48,06;6,25;6,494702111;4,158384148;2,78374647
2;60,18;48,04;6,02;6,413520311;3,90504759;2,785091028
4;60,18;48,04;6,1;7,591825749;4,356183158;3,191588095
6;60,18;48,04;6,18;7,190285519;3,936019362;2,872063706
8;60,18;48,04;6,24;7,200547876;4,130303228;3,281526483
2;58,19;48,02;6,02;6,917836346;4,109697104;2,838391103
4;58,19;48,02;6,1;6,278635099;3,54725133;2,556720438
6;58,19;48,02;6,17;5,774706696;3,23909367;2,85560406
8;58,19;48,02;6,23;7,333539637;4,271256667;3,358879779
2;56,2;48;6,02;6,739806696;3,781923787;3,081504649
4;56,2;48;6,09;7,466853796;4,466844927;3,497807991
6;56,2;48;6,17;7,483486985;4,262662325;3,208656292
8;56,2;48;6,23;6,268281125;3,538280125;2,571467961
2;54,21;47,98;6,02;7,20712886;4,000131085;2,962879045
4;54,21;47,98;6,09;7,838853467;4,513295481;3,263738293
6;54,21;47,98;6,17;6,407231869;3,614607795;2,660208025
8;54,21;47,98;6,23;7,16386176;3,955861167;2,998825936
2;52,22;47,96;6,02;6,575261774;4,238874635;2,818991753
4;52,22;47,96;6,09;7,938899584;4,568654132;3,282054559
6;52,22;47,96;6,16;7,23617198;4,000335487;2,955424292
8;52,22;47,96;6,22;6,974346154;4,298315741;3,011130045
2;50,23;47,94;6,02;7,179855922;3,876024707;2,806569719
4;50,23;47,94;6,08;7,700781158;4,433602982;3,252200653
6;50,23;47,94;6,16;6,123235954;3,332388882;2,929535506
8;50,23;47,94;6,22;6,323013804;4,019542658;2,687081121
2;48,24;47,92;6,02;6,694025253;3,723623569;3,159862473
4;48,24;47,92;6,08;8,160894216;4,711647167;3,822915195
6;48,24;47,92;6,15;7,571667094;4,348764561;3,524505147
8;48,24;47,92;6,21;7,413079209;4,403741754;3,521201134
2;46,25;47,9;6,02;6,736146451;3,898754918;2,786272319
4;46,25;47,9;6,08;7,217416987;4,067354584;2,979100345
6;46,25;47,9;6,15;7,633632259;4,518624971;3,51163906
8;46,25;47,9;6,21;7,187721609;4,226787189;3,480738349
2;44,26;47,88;6,02;7,55034987;4,310135871;3,242649664
4;44,26;47,88;6,08;6,939081791;3,973808692;2,94739786
6;44,26;47,88;6,15;6,486326906;4,06573859;2,91532409
8;44,26;47,88;6,21;7,408911355;4,48600322;3,400765146
2;42,27;47,86;6,03;6,821095623;3,898838031;2,923048891
4;42,27;47,86;6,1;7,220056824;3,991365047;3,008544923
6;42,27;47,86;6,17;6,953496815;3,771612905;2,875704771
8;42,27;47,86;6,24;6,879512093;4,004404202;2,968438865